time,S_mixed_0Ua,S_mixed_0.125Ua,S_mixed_0.25Ua,S_mixed_0.375Ua,S_mixed_0.5Ua,S_mixed_0.625Ua,S_mixed_0.75Ua,S_mixed_0.875Ua,S_mixed_1.0Ua
0,0,0,0,0,0,0,0,0,0
0.06,0.016805595,0.015808231,0.016663096,0.016206973,0.017989461,0.016137415,0.019813616,0.017350567,0.017384845
0.12,0.028197284,0.025745775,0.034114616,0.034571378,0.039577391,0.037318947,0.039282873,0.037248389,0.032324696
0.18,0.041297255,0.037786375,0.056226208,0.047055571,0.050943603,0.067114886,0.056579691,0.051600449,0.060267616
0.24,0.056804956,0.0494241,0.071895331,0.065863663,0.070831871,0.091827355,0.084203304,0.076202762,0.086779753
0.3,0.065320408,0.067689793,0.083774247,0.084800933,0.091224294,0.111916364,0.105924725,0.096910589,0.109519122
0.36,0.081777691,0.080864685,0.107797329,0.102460768,0.111810508,0.145653591,0.129233909,0.122544812,0.137446371
0.42,0.093303309,0.097253243,0.122436248,0.12020733,0.131988153,0.161552983,0.151247267,0.14724924,0.160943381
0.48,0.103938438,0.114016405,0.13761181,0.131303408,0.148405596,0.186312312,0.170355943,0.168404041,0.173560041
0.54,0.123111797,0.125130237,0.153029137,0.147659856,0.172621686,0.20757935,0.193884323,0.192054716,0.205085623
0.6,0.134574113,0.141269405,0.164726721,0.169874099,0.19628177,0.227656063,0.217812607,0.217850349,0.237216368
0.66,0.148607305,0.152711956,0.179561925,0.182382445,0.209859552,0.246159897,0.232659447,0.233248161,0.260485221
0.72,0.162005967,0.16244535,0.191646358,0.193643029,0.229281658,0.256375975,0.24831165,0.251781612,0.283905898
0.78,0.170909307,0.177292616,0.202826811,0.20450192,0.243308502,0.272647498,0.262592739,0.269399752,0.304699079
0.84,0.180773324,0.186975751,0.215888043,0.217825574,0.257300245,0.28922856,0.280251165,0.288946267,0.330222915
0.9,0.191302856,0.197362783,0.224075458,0.229069343,0.270522201,0.297293556,0.297993373,0.310108181,0.350763183
0.96,0.201095902,0.205606793,0.22824079,0.239121328,0.280512047,0.307580874,0.307769806,0.32127769,0.363316152
1.02,0.210641271,0.20954138,0.24375662,0.250140058,0.290545741,0.315466336,0.321829979,0.338983697,0.376457869
1.08,0.217834275,0.221196832,0.251844057,0.26283528,0.303583528,0.325515434,0.336727999,0.353510784,0.395099593
1.14,0.223645525,0.23041582,0.261219857,0.269594925,0.310675692,0.335713562,0.345040283,0.361390236,0.409954316
1.2,0.232077757,0.233088954,0.267852121,0.275005554,0.318910454,0.341021948,0.353938491,0.367931066,0.423140383
1.26,0.236092899,0.241726135,0.266872743,0.281044986,0.326611335,0.344793299,0.363751923,0.381213076,0.439091391
1.32,0.245061366,0.246711181,0.276974616,0.289332351,0.335707029,0.35598865,0.371264336,0.394351255,0.45367034
1.38,0.252758337,0.253352982,0.287014108,0.296155956,0.345270777,0.362814995,0.381027428,0.404027691,0.468038745
1.44,0.252061037,0.264418933,0.288457323,0.301500913,0.35087719,0.369316359,0.385447108,0.411393955,0.47862191
1.5,0.263343267,0.269248951,0.298233752,0.306538511,0.360602789,0.373353025,0.386176012,0.417426348,0.489052252
1.56,0.269914105,0.273308413,0.303801107,0.313185695,0.366458938,0.379057912,0.398144664,0.4256867,0.49742507
1.62,0.273589405,0.280290762,0.308840284,0.32110375,0.374231289,0.384436267,0.405677832,0.435691482,0.50926452
1.68,0.28088022,0.279048635,0.313328257,0.324872128,0.378806291,0.388050682,0.411854299,0.440840289,0.515147767
1.74,0.281331901,0.288462005,0.317056879,0.329010718,0.382809125,0.392274921,0.414952554,0.447457762,0.522245404
1.8,0.285432794,0.296625008,0.323292062,0.334051963,0.389193758,0.397260117,0.419045202,0.453979831,0.530860123
1.86,0.294462807,0.300449397,0.329373149,0.339084677,0.393095888,0.402544786,0.426816353,0.460667722,0.541360419
1.92,0.297633787,0.304291754,0.332864627,0.343588834,0.397284235,0.408173554,0.429819432,0.467325845,0.550659283
1.98,0.301655957,0.30437664,0.336140026,0.34707474,0.401276634,0.411014853,0.431707246,0.473805232,0.557441774
2.04,0.306794111,0.309859274,0.340954279,0.346049462,0.404775563,0.410098138,0.43983338,0.479949797,0.562563273
2.1,0.308786367,0.31822087,0.343870405,0.355844779,0.40899835,0.418288781,0.446968176,0.48606217,0.565911904
2.16,0.312951396,0.321634794,0.346504653,0.35871435,0.412589911,0.42289752,0.450386227,0.489404951,0.572252645
2.22,0.316161442,0.325673963,0.350112471,0.363216501,0.415881412,0.426740952,0.453854522,0.491584639,0.579480841
2.28,0.318500021,0.330384774,0.350980362,0.366182253,0.418465961,0.42945672,0.458312723,0.498918456,0.583993862
2.34,0.324353566,0.332345727,0.357149401,0.369495058,0.421655625,0.434226762,0.46119364,0.505981617,0.598291376
2.4,0.323938218,0.335386282,0.359826339,0.373608797,0.422503731,0.437164338,0.464306581,0.5116886,0.605819288
2.46,0.328766134,0.337215613,0.358947835,0.374866966,0.426355046,0.440167437,0.467647785,0.51423686,0.611212956
2.52,0.334200731,0.339852738,0.365302776,0.37575408,0.429180226,0.444498168,0.46701773,0.519042736,0.61775996
2.58,0.334004164,0.344754115,0.367327045,0.381233136,0.432052494,0.446697478,0.47392127,0.522465354,0.624567869
2.64,0.337552464,0.344975756,0.370811882,0.383293062,0.434778774,0.448733893,0.477549993,0.5259351,0.629685887
2.7,0.34098008,0.347658732,0.373478853,0.38481638,0.43758609,0.451349092,0.480334745,0.52912848,0.632894101
2.76,0.339742022,0.352400154,0.37057821,0.387305297,0.440104762,0.451904761,0.483346751,0.529418407,0.632859476
2.82,0.345577377,0.351059211,0.377674733,0.388580224,0.441300589,0.455844075,0.484757586,0.538804048,0.644702628
2.88,0.346907836,0.358548352,0.379576029,0.393114753,0.443003741,0.457783546,0.487640691,0.542220467,0.649135657
2.94,0.348099698,0.360586754,0.380723171,0.39416142,0.444924314,0.46143308,0.489991994,0.544793924,0.654764701
3,0.353520827,0.360393778,0.383370398,0.393390264,0.444490429,0.464419784,0.489325818,0.547793096,0.658806792
3.06,0.354693402,0.36536109,0.382433685,0.398020078,0.44933692,0.466138,0.495278096,0.551118568,0.661961388
3.12,0.353577802,0.366841386,0.384952766,0.399265078,0.451501572,0.46915281,0.497086725,0.555370854,0.666024479
3.18,0.359143937,0.368816048,0.389172124,0.402056607,0.454292168,0.472178205,0.500136516,0.557221101,0.668133761
3.24,0.357354518,0.371600393,0.390029746,0.403787991,0.457179027,0.474567278,0.502548536,0.556515091,0.666623302
3.3,0.361752065,0.372864621,0.389986404,0.404684143,0.45732645,0.477721107,0.502498945,0.565160718,0.674831863
3.36,0.364685797,0.370332634,0.394898849,0.40853452,0.459722054,0.47977362,0.507450931,0.567507604,0.679501038
3.42,0.367308307,0.374710659,0.397175506,0.409899644,0.462390527,0.481971352,0.509854944,0.571528184,0.684686835
3.48,0.369091892,0.371329259,0.395391446,0.412295067,0.463737048,0.483655004,0.511440228,0.574032673,0.687175559
3.54,0.367293846,0.371997548,0.397345949,0.41394468,0.466048572,0.485412158,0.512968409,0.577408188,0.693488359
3.6,0.368472038,0.379755081,0.402054853,0.414217496,0.467776467,0.48762406,0.516222331,0.580039128,0.697745318
3.66,0.373820132,0.381584687,0.402652098,0.417254291,0.469294018,0.488467234,0.518908257,0.582918407,0.700060646
3.72,0.374464945,0.384007365,0.402648526,0.419382974,0.470617876,0.487012341,0.52069719,0.583137732,0.701711678
3.78,0.377720315,0.383434513,0.402645687,0.418487623,0.472246095,0.490740519,0.517372834,0.586376927,0.701348857
3.84,0.379531161,0.383740744,0.406591477,0.422550157,0.473922395,0.492861662,0.524031374,0.592335405,0.71031562
3.9,0.379325817,0.387693619,0.406390411,0.424190441,0.474869266,0.495439969,0.527089814,0.595268537,0.71236006
3.96,0.380936932,0.38889902,0.410058,0.424643285,0.474875903,0.496625142,0.52864258,0.598003092,0.716914411
4.02,0.383449972,0.390829068,0.411863899,0.426212085,0.476874093,0.497897137,0.530014435,0.599989581,0.721535073
4.08,0.378854737,0.391174509,0.413026426,0.427634631,0.478049797,0.499109358,0.531637605,0.603737994,0.72575183
4.14,0.384051501,0.386134504,0.415125959,0.430009035,0.480794495,0.50017994,0.533506734,0.606357381,0.728703997
4.2,0.385962333,0.390063111,0.416429089,0.431255922,0.483037845,0.501195512,0.535600118,0.610187296,0.731198002
4.26,0.386600817,0.395346313,0.412670761,0.427873088,0.483500163,0.501723786,0.537190243,0.606321188,0.733913793
4.32,0.390073808,0.396338993,0.417711901,0.433665374,0.485288974,0.503575241,0.538766035,0.61578656,0.737343894
4.38,0.392048351,0.39759771,0.415022285,0.435086637,0.486882853,0.504938861,0.540536021,0.617834389,0.739684386
4.44,0.392406743,0.398426189,0.41723654,0.436327725,0.489493522,0.505610838,0.541838689,0.621699114,0.744774708
4.5,0.393813735,0.394249938,0.420154353,0.437427512,0.490553078,0.502213322,0.538220814,0.623708837,0.747091751
4.56,0.390728698,0.400831181,0.419593039,0.437467148,0.491301518,0.506761903,0.546277498,0.626427406,0.750848562
4.62,0.390756115,0.400821448,0.423641043,0.439933503,0.492717008,0.508114632,0.547633022,0.630450883,0.754277884
4.68,0.39666097,0.400153691,0.424225143,0.441211327,0.492616695,0.510432204,0.549917695,0.632014997,0.757637915
4.74,0.391718838,0.402755833,0.422899306,0.441734577,0.490107668,0.51046698,0.550515646,0.634470517,0.760903563
4.8,0.397771445,0.399297239,0.426888519,0.442789667,0.494704699,0.50780116,0.545942551,0.636308914,0.763225491
4.86,0.400673838,0.401504833,0.427135905,0.444362626,0.496750581,0.512547042,0.555360158,0.639570066,0.765222193
4.92,0.397736883,0.406834053,0.426268439,0.445263856,0.498471301,0.5140685,0.55689666,0.642015324,0.76821115
4.98,0.401451749,0.405547543,0.429327261,0.445985692,0.499227393,0.514729758,0.558657559,0.643099104,0.770185358
5.04,0.40250551,0.407849201,0.429212887,0.446498726,0.499521009,0.514877636,0.560210278,0.646131961,0.775162725
5.1,0.401599466,0.409214739,0.432464666,0.447556873,0.502117948,0.516914913,0.560187465,0.64844997,0.778508169
5.16,0.406206224,0.406000941,0.433044791,0.447674057,0.503712236,0.518393042,0.56303769,0.651339817,0.780635069
5.22,0.403903649,0.408070237,0.428276228,0.44806875,0.504377933,0.518656082,0.564087447,0.653376017,0.782103003
5.28,0.403611009,0.408969621,0.433504997,0.447976948,0.505039085,0.519520621,0.565449804,0.653831453,0.784254307
5.34,0.408203632,0.407759519,0.434598511,0.449986725,0.50649384,0.520243115,0.568263875,0.658434327,0.787499764
5.4,0.407299772,0.412770107,0.436960019,0.451677164,0.507525122,0.520689407,0.568812447,0.659928391,0.790654801
5.46,0.408362672,0.413161069,0.438452921,0.451702345,0.507355896,0.522090365,0.57088572,0.662848945,0.794870878
5.52,0.408108786,0.408130636,0.433703537,0.450594784,0.509053251,0.521893136,0.572510192,0.665539075,0.798017664
5.58,0.407741906,0.414077774,0.437804365,0.451663004,0.510384761,0.523696889,0.574696938,0.667780894,0.802228609
5.64,0.410525234,0.410434509,0.437689657,0.45414745,0.511343017,0.525063975,0.576404533,0.670381517,0.804617037
5.7,0.410622737,0.413513357,0.439062025,0.454552571,0.511835575,0.526870541,0.5778681,0.672809458,0.805619457
5.76,0.411810697,0.417452326,0.440769873,0.454340478,0.509913946,0.527364571,0.576963393,0.674849004,0.807032174
5.82,0.41444843,0.416352913,0.440888919,0.455801938,0.512710015,0.525758373,0.579902071,0.677930105,0.809495733
5.88,0.413176216,0.418231155,0.442073914,0.455793145,0.514661931,0.529584646,0.581495499,0.678556661,0.812458877
5.94,0.413081897,0.418395395,0.442731324,0.457508199,0.516343671,0.530462779,0.583295118,0.681951784,0.815359548
6,0.416162583,0.414068342,0.439414183,0.458870233,0.517244073,0.530074203,0.583640201,0.683187414,0.817891396
6.06,0.411799107,0.421011358,0.443539546,0.459303585,0.518113873,0.531335298,0.586612282,0.687863335,0.823330695
6.12,0.413988179,0.422859965,0.444354118,0.460610267,0.518325609,0.532546696,0.588529159,0.68940438,0.82583749
6.18,0.416649998,0.423482365,0.444571421,0.461580772,0.520100159,0.532763435,0.588998199,0.691252377,0.830477163
6.24,0.415057271,0.424933103,0.44239543,0.459045302,0.520609541,0.534854199,0.589597204,0.692499366,0.832390714
6.3,0.418088874,0.423667099,0.439470595,0.463705379,0.521159296,0.533834325,0.587635815,0.693846121,0.835683129
6.36,0.420662628,0.422635285,0.439727006,0.464036853,0.521858894,0.536406638,0.592325712,0.696654664,0.838079396
6.42,0.417656263,0.424606471,0.446447522,0.465138378,0.522210816,0.537722773,0.59308254,0.699360303,0.841781436
6.48,0.421265934,0.419670832,0.447767391,0.465742534,0.52379771,0.538439174,0.594033286,0.701506583,0.844966296
6.54,0.418983769,0.425493542,0.447684192,0.463647159,0.524159326,0.53894361,0.594605125,0.70474698,0.849010215
6.6,0.41702934,0.427151609,0.448470655,0.467562587,0.525051599,0.539540121,0.594210284,0.706856995,0.850911029
6.66,0.422989394,0.427622683,0.44793839,0.467537566,0.525566429,0.540732643,0.598109512,0.709415218,0.853888016
6.72,0.421642277,0.428556733,0.444563055,0.467975125,0.526171178,0.541390039,0.599310333,0.711129885,0.856401369
6.78,0.422097367,0.427344842,0.44777964,0.469143924,0.526278332,0.541469043,0.600647884,0.711489916,0.857773754
6.84,0.42360969,0.426815468,0.447910168,0.469267978,0.527208087,0.542937931,0.601642576,0.714407485,0.860260139
6.9,0.422740645,0.430125668,0.450469944,0.47024296,0.528054976,0.543969914,0.602240849,0.716096413,0.861412927
6.96,0.422756977,0.430415069,0.451845861,0.470559956,0.529382898,0.542962941,0.603739957,0.717867863,0.863294943
7.02,0.425314564,0.430849678,0.450097161,0.468714005,0.529947763,0.544128695,0.605363483,0.720961594,0.863779042
7.08,0.423825203,0.432363903,0.453216862,0.471542777,0.531082547,0.547023287,0.605281419,0.722734829,0.867018449
7.14,0.426804212,0.432805476,0.452961788,0.471960904,0.531890146,0.54853917,0.607785894,0.724064786,0.868631267
7.2,0.426818299,0.433226361,0.452860798,0.471064455,0.532879863,0.550528215,0.60802152,0.724930165,0.872543366
7.26,0.422771322,0.43321222,0.453456754,0.472915455,0.533855747,0.54962715,0.606831436,0.724990824,0.874177713
7.32,0.426528245,0.430890962,0.454469238,0.473412719,0.53413055,0.549807797,0.610001788,0.728008644,0.87592279
7.38,0.425922606,0.434486698,0.454050092,0.473367668,0.535015857,0.552693904,0.611142112,0.729136061,0.878773987
7.44,0.425063522,0.435645465,0.455030064,0.474799789,0.536438166,0.553559917,0.612365829,0.733039313,0.878772468
7.5,0.42924914,0.434960604,0.452748415,0.474552404,0.531398506,0.554084243,0.613238274,0.734855169,0.879252867
7.56,0.425917982,0.436461885,0.453680255,0.474919803,0.536719856,0.554257964,0.611537444,0.738984578,0.882413681
7.62,0.427446301,0.434910629,0.456028307,0.476722713,0.536791006,0.555602074,0.614775189,0.740288893,0.882667784
7.68,0.430224196,0.431712907,0.45654286,0.477363673,0.537588631,0.557069122,0.6159333,0.741323341,0.885086282
7.74,0.430442201,0.435908903,0.456663707,0.477634681,0.538790153,0.557063022,0.616477326,0.742074127,0.886461046
7.8,0.429441014,0.435340931,0.456797475,0.478298974,0.537012019,0.557298724,0.617929768,0.742689963,0.887631966
7.86,0.430716009,0.438971109,0.457301573,0.479153184,0.538722456,0.558833037,0.618956411,0.745171765,0.889654531
7.92,0.424925525,0.439612801,0.458229503,0.479346928,0.540144146,0.559493982,0.621148884,0.747127936,0.890295345
7.98,0.428043922,0.439234645,0.457202899,0.479366799,0.541455867,0.55832627,0.621083037,0.749981105,0.891682358
8.04,0.427229323,0.436167196,0.4553797,0.479751867,0.541999658,0.56094995,0.619625919,0.752916997,0.892055969
8.1,0.426873574,0.43879428,0.459061315,0.479274036,0.542181703,0.561526296,0.623750618,0.754837533,0.894164497
8.16,0.432185917,0.434966865,0.458958808,0.478996129,0.542803647,0.563544523,0.625160345,0.756375293,0.895645863
8.22,0.429284174,0.43806178,0.458748225,0.481383204,0.544208852,0.565082841,0.626504941,0.756851438,0.897615937
8.28,0.430936908,0.440952861,0.460319333,0.4819553,0.542940228,0.563888124,0.625559033,0.75860181,0.89817162
8.34,0.434389444,0.438484943,0.46016625,0.482923099,0.544593035,0.566158024,0.627252258,0.761024207,0.899202763
8.4,0.433039644,0.442444541,0.460945175,0.484403446,0.545481539,0.566811224,0.629288676,0.76175202,0.899719125
8.46,0.431603272,0.443257821,0.462140189,0.483887171,0.54463307,0.566645698,0.630587274,0.764200992,0.900974948
8.52,0.433675132,0.437908398,0.461274918,0.483387436,0.54511851,0.567884725,0.631493897,0.765204043,0.901252545
8.58,0.426922274,0.443495384,0.462706893,0.484739089,0.546040049,0.566423602,0.631547348,0.768242761,0.903756186
8.64,0.431992607,0.444398671,0.463040915,0.484358994,0.547274182,0.569350012,0.632680538,0.769814205,0.904240789
8.7,0.432800831,0.443158468,0.461417975,0.48392633,0.548127156,0.570423624,0.633598928,0.770818715,0.904576622
8.76,0.434709968,0.444668823,0.462180213,0.484963385,0.547383383,0.570291196,0.63014877,0.772753635,0.905921832
8.82,0.437743867,0.442948,0.46103643,0.486441981,0.548314609,0.571384813,0.635600673,0.773510844,0.907030868
8.88,0.437867097,0.444118897,0.463014306,0.486754794,0.549291622,0.571941736,0.636453899,0.775394567,0.908924429
8.94,0.43651061,0.446032712,0.465267255,0.487233343,0.549853848,0.572816662,0.6375673,0.776274257,0.909432829
9,0.438731668,0.442328837,0.464641392,0.48618693,0.550302141,0.573582975,0.638959944,0.774873475,0.90943741
9.06,0.4356314,0.443684985,0.465074288,0.487818109,0.549827761,0.570146239,0.635875477,0.780723855,0.91035769
9.12,0.435878007,0.44660578,0.466442023,0.488803852,0.550790643,0.57354975,0.640527896,0.782070873,0.911282637
9.18,0.438969889,0.447111066,0.465760351,0.489570985,0.551335168,0.574315056,0.641260778,0.783299133,0.913798157
9.24,0.435094515,0.447710369,0.465389117,0.490124378,0.551462292,0.573530278,0.641745414,0.784122578,0.914808303
9.3,0.435780727,0.44722298,0.467145042,0.487108414,0.551820552,0.574470261,0.641734058,0.783834113,0.916263721
9.36,0.436305128,0.445311007,0.468345506,0.490273476,0.552319834,0.575192502,0.642622941,0.786331364,0.917583655
9.42,0.433975661,0.44649863,0.468996046,0.490692712,0.552108911,0.57632097,0.643544721,0.787044435,0.918495621
9.48,0.438744409,0.445717153,0.468836637,0.490985742,0.552066023,0.577204389,0.644414723,0.787214418,0.917931289
9.54,0.440889955,0.447637264,0.465648912,0.491027282,0.55155144,0.576092451,0.644909799,0.788913796,0.918859754
9.6,0.439895442,0.449390838,0.469747305,0.491494892,0.553828132,0.578039442,0.64598745,0.791025723,0.92239185
9.66,0.441356376,0.448775435,0.469036445,0.492171197,0.554397,0.578394856,0.645881583,0.792443741,0.922750638
9.72,0.441090404,0.446317185,0.468745401,0.492222316,0.555415884,0.578113039,0.645182803,0.793083998,0.924319186
9.78,0.436723705,0.447507012,0.470332573,0.490851243,0.556002247,0.578124869,0.646505426,0.794704649,0.925401471
9.84,0.441116645,0.442219787,0.467239562,0.492862129,0.555810209,0.578754161,0.647937187,0.795167154,0.925508019
9.9,0.441074279,0.447517163,0.470865535,0.493112908,0.555861461,0.579379965,0.649788029,0.796829701,0.927741855
9.96,0.440010527,0.450642449,0.471919059,0.493190301,0.556503973,0.58031995,0.650907985,0.798024898,0.928446407
10.02,0.44322278,0.449460688,0.466737946,0.493887638,0.555602518,0.578384141,0.650471716,0.798818971,0.928225708
10.08,0.442614571,0.450585072,0.472177866,0.491629025,0.557544665,0.580636094,0.651592377,0.800958819,0.929003604
10.14,0.44242916,0.450272708,0.473349537,0.495540806,0.558429185,0.581326774,0.652569695,0.801184726,0.929015128
10.2,0.444423707,0.450038152,0.471608464,0.495257863,0.55838658,0.582315697,0.653678394,0.802566431,0.931266996
10.26,0.443135565,0.452436512,0.473670299,0.494975287,0.557867398,0.581990851,0.653839601,0.803491366,0.931662283
10.32,0.443892629,0.451204768,0.472565145,0.496333066,0.55836757,0.583036925,0.655318114,0.804283467,0.932843382
10.38,0.44479956,0.452657027,0.47341066,0.496292856,0.559419209,0.582977442,0.655404846,0.806199763,0.933538112
10.44,0.443810806,0.453216888,0.473869092,0.495929828,0.559994786,0.583682702,0.656476282,0.80743098,0.934415828
10.5,0.442911008,0.452786613,0.470276983,0.497407681,0.558056858,0.583553817,0.6572991,0.807837881,0.934749799
10.56,0.442941572,0.451762914,0.474534142,0.49803619,0.558418495,0.583138503,0.656147696,0.809005384,0.93536729
10.62,0.441656055,0.453417444,0.475447325,0.497690053,0.560442489,0.584406707,0.658728567,0.810239827,0.936407196
10.68,0.446021916,0.446174162,0.47544524,0.499048391,0.561518579,0.584692683,0.659666931,0.812327266,0.937953212
10.74,0.44722275,0.451780511,0.474230414,0.49929807,0.561675194,0.584728487,0.66080532,0.813182561,0.938814331
10.8,0.44697662,0.455287024,0.473221841,0.499468337,0.561237592,0.58502047,0.661608832,0.814301721,0.939586596
10.86,0.447455871,0.454213897,0.476042955,0.499889343,0.561786824,0.58497407,0.66148905,0.815537611,0.940434609
10.92,0.447843391,0.455238954,0.476598997,0.500925544,0.562038394,0.586559428,0.662325488,0.816859637,0.94081104
10.98,0.44673711,0.455347328,0.476721723,0.500709382,0.562117254,0.586832647,0.663796264,0.818125846,0.941651655
11.04,0.448123364,0.453513926,0.474984053,0.499487414,0.562275725,0.586362931,0.663869085,0.819057278,0.941872351
11.1,0.443463235,0.45553398,0.476718916,0.50067543,0.564212396,0.58677236,0.66463015,0.820778879,0.942405
11.16,0.44689069,0.454418108,0.474898898,0.501229369,0.564576842,0.587942491,0.664674299,0.821783245,0.942181588
11.22,0.44938172,0.453623308,0.473988123,0.499797253,0.564617903,0.587489029,0.662613099,0.823622965,0.943660342
11.28,0.448296429,0.457114672,0.477246479,0.502043992,0.564047036,0.58715377,0.66665886,0.823613376,0.943829973
11.34,0.448849656,0.455570153,0.477236938,0.502086484,0.562398241,0.588550003,0.667725202,0.823811375,0.943570112
11.4,0.44860492,0.457176866,0.478703917,0.503166932,0.565630286,0.589316044,0.66886615,0.82549524,0.945072174
11.46,0.445373252,0.458368373,0.478970344,0.503560297,0.56608039,0.590855346,0.669068433,0.827241355,0.945872475
11.52,0.448530336,0.451861787,0.476503677,0.503611376,0.566018013,0.589711813,0.668196866,0.827027387,0.945219159
11.58,0.447758476,0.457067405,0.479507384,0.501818775,0.566066352,0.59091035,0.669571428,0.83000875,0.945607954
11.64,0.446052784,0.457630263,0.479683428,0.504367981,0.567264078,0.591143753,0.670965644,0.830303924,0.946292955
11.7,0.450558267,0.457059439,0.480379217,0.505143373,0.567953078,0.591587301,0.671573525,0.832384008,0.947444591
11.76,0.449955194,0.458678337,0.480619954,0.50578909,0.567485039,0.5920312,0.671846283,0.833267661,0.947095731
11.82,0.448391095,0.458839046,0.480055653,0.505714247,0.568123167,0.590865715,0.67178426,0.834901285,0.949338259
11.88,0.451921363,0.454905978,0.481067394,0.505422329,0.568973757,0.592824063,0.673165208,0.836300406,0.950088621
11.94,0.451773409,0.459698374,0.481026552,0.504065993,0.568191739,0.592995182,0.674324534,0.837035746,0.953116529
12,0.452289658,0.459774995,0.476039646,0.506331515,0.567828528,0.59307188,0.673467446,0.837080887,0.953673783
12.06,0.451976379,0.459633697,0.479377243,0.503624193,0.568432737,0.593578151,0.675033563,0.838496262,0.953649107
12.12,0.451969117,0.461171677,0.480021502,0.506712009,0.569486969,0.59372129,0.676298512,0.839914598,0.953333796
12.18,0.451432835,0.459215266,0.481923291,0.507734178,0.569228381,0.594952552,0.677832157,0.841410756,0.954121581
12.24,0.451897562,0.457267013,0.482825732,0.506696561,0.570078273,0.594926418,0.678065139,0.841771177,0.955084697
12.3,0.450204739,0.460759363,0.48270394,0.508218266,0.569250531,0.593476988,0.678609262,0.842266443,0.955035856
12.36,0.451981432,0.46188777,0.48272029,0.507970657,0.57060038,0.595638992,0.679801485,0.84376754,0.956137288
12.42,0.452743356,0.46278267,0.483578967,0.509473083,0.57063844,0.596211635,0.680389746,0.844793141,0.957023414
12.48,0.450335661,0.462627985,0.479837029,0.510192524,0.570881866,0.596030242,0.680873914,0.845573374,0.957049091
12.54,0.452390326,0.460878528,0.483894638,0.509967241,0.57141928,0.596928657,0.680834159,0.845907362,0.958962251
12.6,0.45270836,0.463243899,0.483885724,0.510310181,0.572101505,0.597499927,0.682092495,0.847430049,0.958709731
12.66,0.453395077,0.461578127,0.484697229,0.51019751,0.572592387,0.598387918,0.683135037,0.848304623,0.959886772
12.72,0.454466696,0.462012311,0.484554855,0.509918257,0.573114601,0.599611558,0.682820655,0.84919768,0.959611205
12.78,0.454000925,0.463337312,0.482931016,0.511032551,0.570684931,0.595257474,0.684395031,0.850805227,0.959361463
12.84,0.450800707,0.462734157,0.481775406,0.511122442,0.57292067,0.599694634,0.683672558,0.851237678,0.959253686
12.9,0.453953548,0.461470951,0.484960464,0.512234336,0.57382607,0.599867239,0.685645405,0.852544171,0.96025216
12.96,0.452839839,0.464351224,0.485286852,0.512178589,0.571793772,0.600032238,0.686034599,0.853081031,0.961193766
13.02,0.453311592,0.461964053,0.485539462,0.51054829,0.574346558,0.600635456,0.684043856,0.853710932,0.961012606
13.08,0.455732787,0.463828781,0.485414045,0.511561258,0.572332105,0.59699584,0.686631341,0.855149223,0.961201027
13.14,0.453656186,0.465722702,0.48499487,0.512591222,0.573931233,0.600698996,0.687564677,0.855435361,0.96184071
13.2,0.455083156,0.464244971,0.483808801,0.512610688,0.575240746,0.601948979,0.688327976,0.85693051,0.96291025
13.26,0.456226789,0.465744891,0.485252771,0.511348415,0.574931198,0.601653242,0.689326463,0.85823689,0.963089696
13.32,0.454022951,0.466102669,0.486151655,0.511932963,0.575413528,0.602686652,0.687838488,0.857945012,0.962894
13.38,0.453985801,0.463551073,0.486546403,0.512679982,0.575316404,0.60235471,0.690243552,0.859191236,0.962705593
13.44,0.455095899,0.466367341,0.486802176,0.513861228,0.576239933,0.603079881,0.691224624,0.859396345,0.963492492
13.5,0.451516517,0.466401996,0.482811311,0.513739419,0.577115607,0.602870749,0.691582929,0.858926049,0.96376932
13.56,0.455613461,0.465147698,0.485863717,0.514545489,0.575722066,0.602975967,0.692104709,0.860731282,0.964272772
13.62,0.454620681,0.467906488,0.486790465,0.514567,0.576633839,0.603634175,0.692289575,0.861116117,0.964563621
13.68,0.457568753,0.467835495,0.486524365,0.515060213,0.577357984,0.604092809,0.693680738,0.862794766,0.964330739
13.74,0.458636664,0.467814868,0.488208447,0.514317569,0.575637228,0.604263902,0.694303164,0.863311263,0.964615734
13.8,0.45827885,0.469054549,0.485190056,0.51496558,0.57798092,0.604952008,0.692878517,0.862003052,0.96369858
13.86,0.457418883,0.46938399,0.486097464,0.515650196,0.578259258,0.605275675,0.695924755,0.863620671,0.964436331
13.92,0.458107926,0.468156846,0.488206355,0.516492547,0.578816127,0.606367034,0.696861464,0.865768032,0.96447684
13.98,0.453793609,0.468625215,0.485522,0.51640948,0.578803472,0.606474873,0.697578268,0.866871859,0.965185634
14.04,0.457682234,0.467355076,0.486657862,0.51387273,0.576182374,0.606968942,0.698082268,0.867584078,0.965641578
14.1,0.459048711,0.470407848,0.488787247,0.516987571,0.579068536,0.607133262,0.697559249,0.867624976,0.965885665
14.16,0.45852493,0.470964124,0.488025245,0.517399059,0.579734424,0.607217839,0.698949047,0.868654177,0.966985539
14.22,0.459886643,0.469829885,0.489571045,0.516082873,0.580132229,0.607570629,0.699855013,0.868531533,0.967618527
14.28,0.460473129,0.471117371,0.489257344,0.517554649,0.580739044,0.609103173,0.700164307,0.870227844,0.967092557
14.34,0.45980938,0.469417442,0.488984393,0.517183435,0.580520198,0.609008098,0.700779535,0.871252558,0.967245257
14.4,0.461878025,0.470481561,0.490247952,0.517932417,0.581328088,0.609659073,0.700479053,0.871672063,0.967438027
14.46,0.462051783,0.471106379,0.490990162,0.518260706,0.582165297,0.609927708,0.701581056,0.872337359,0.968007812
14.52,0.46057465,0.470950697,0.485666382,0.51467132,0.582008186,0.60836835,0.700670653,0.870867724,0.96852741
14.58,0.460216779,0.470194929,0.488499694,0.518596304,0.583337198,0.609932033,0.7044141,0.873084969,0.969272076
14.64,0.453209924,0.471438878,0.490698055,0.518589334,0.583200622,0.611076554,0.704617472,0.872766477,0.968951161
14.7,0.458746603,0.464397445,0.490931247,0.519345638,0.582901989,0.612416847,0.705326866,0.875187466,0.969225236
14.76,0.461262832,0.467152932,0.49190128,0.519527349,0.582654782,0.612452389,0.705575045,0.87576235,0.968512973
14.82,0.46333235,0.471991835,0.490761045,0.520084595,0.583559327,0.610981579,0.705661728,0.876519934,0.969545578
14.88,0.46341927,0.47236512,0.491631454,0.519899937,0.583844424,0.61190239,0.707486214,0.878110197,0.969806926
14.94,0.463622267,0.473831948,0.49100395,0.520249195,0.584059352,0.612328375,0.707691136,0.878743801,0.970554049
