time,theta_t,theta_t_fit
0.01,-7.144149,-7.109159708
0.02,-7.007696,-7.004493811
0.03,-6.624361,-6.879936423
0.04,-6.272275,-6.735841265
0.05,-5.867775,-6.57261754
0.06,-5.73941,-6.390728775
0.07,-5.458986,-6.1906915
0.08,-5.331665,-5.973073785
0.09,-5.327194,-5.738493624
0.1,-5.492536,-5.487617184
0.11,-5.549962,-5.221156907
0.12,-4.955523,-4.939869492
0.13,-4.523927,-4.644553744
0.14,-4.209294,-4.336048307
0.15,-3.899036,-4.015229279
0.16,-3.692456,-3.68300773
0.17,-3.497999,-3.340327107
0.18,-3.390832,-2.988160561
0.19,-3.455468,-2.627508182
0.2,-3.458481,-2.259394157
0.21,-2.979445,-1.884863862
0.22,-2.5126,-1.504980896
0.23,-2.078423,-1.120824058
0.24,-1.629374,-0.733484283
0.25,-0.712919,-0.344061545
0.26,-0.423818,0.046338265
0.27,-0.373892,0.436606482
0.28,-0.386005,0.825634817
0.29,-0.101867,1.212318498
0.3,0.863842,1.595559415
0.31,1.367544,1.974269233
0.32,1.834223,2.347372484
0.33,2.352367,2.713809624
0.34,2.405401,3.072540037
0.35,2.443381,3.422544995
0.36,2.578023,3.762830545
0.37,2.621486,4.09243034
0.38,3.005695,4.410408376
0.39,3.315142,4.715861653
0.4,3.493563,5.007922738
0.41,3.803376,5.285762232
0.42,4.115029,5.548591121
0.43,4.605224,5.795663018
0.44,5.07204,6.026276285
0.45,5.366711,6.23977602
0.46,5.486775,6.435555925
0.47,5.633821,6.613060019
0.48,5.705403,6.771784222
0.49,5.837309,6.911277788
0.5,6.118374,7.03114458
0.51,6.427079,7.131044197
0.52,6.713402,7.210692944
0.53,6.978598,7.269864631
0.54,7.277292,7.308391222
0.55,7.257892,7.326163309
0.56,7.47275,7.323130423
0.57,8.021745,7.299301175
0.58,5.959376,7.254743236
0.59,5.920291,7.189583144
0.6,6.242406,7.104005941
0.61,6.497738,6.998254651
0.62,8.578947,6.872629588
0.63,8.494027,6.727487504
0.64,8.185057,6.563240577
0.65,8.037507,6.380355238
0.66,8.20762,6.179350849
0.67,8.14801,5.960798225
0.68,6.412226,5.725318016
0.69,5.971715,5.473578943
0.7,5.743856,5.206295899
0.71,6.265987,4.924227921
0.72,5.960962,4.628176029
0.73,5.77008,4.318980957
0.74,5.377899,3.997520763
0.75,5.178881,3.664708336
0.76,4.943035,3.321488802
0.77,4.487982,2.968836843
0.78,4.183134,2.607753927
0.79,3.450485,2.239265463
0.8,2.873053,1.864417891
0.81,2.472866,1.484275711
0.82,2.22392,1.099918457
0.83,1.996813,0.712437635
0.84,1.782385,0.322933619
0.85,1.370699,-0.06748747
0.86,1.063359,-0.457716907
0.87,0.794848,-0.84664651
0.88,0.293001,-1.233171792
0.89,-0.102824,-1.616195089
0.9,-0.476725,-1.994628686
0.91,-0.447517,-2.367397899
0.92,-0.549565,-2.733444132
0.93,-0.720439,-3.09172788
0.94,-0.827148,-3.441231682
0.95,-1.485509,-3.78096301
0.96,-1.72619,-4.10995709
0.97,-2.540467,-4.427279638
0.98,-3.337723,-4.732029515
0.99,-3.905302,-5.023341288
1,-4.110036,-5.300387683
1.01,-4.310202,-5.56238194
1.02,-4.470439,-5.808580041
1.03,-4.675825,-6.03828283
1.04,-4.662954,-6.250837991
1.05,-5.198891,-6.445641907
1.06,-5.623133,-6.62214137
1.07,-6.612912,-6.779835154
1.08,-6.639716,-6.918275437
1.09,-6.690967,-7.037069073
1.1,-6.984724,-7.135878711
1.11,-7.236944,-7.214423748
1.12,-7.169151,-7.272481132
1.13,-7.219454,-7.309885989
1.14,-6.86241,-7.326532097
1.15,-7.451801,-7.322372184
1.16,-7.923065,-7.297418063
1.17,-8.095299,-7.2517406
1.18,-8.440665,-7.185469509
1.19,-6.799351,-7.09879299
1.2,-7.256269,-6.991957187
1.21,-9.194568,-6.865265495
1.22,-9.130728,-6.719077695
1.23,-7.355781,-6.553808934
1.24,-7.256308,-6.369928546
1.25,-6.982604,-6.167958717
1.26,-8.181268,-5.948473004
1.27,-6.457378,-5.712094709
1.28,-6.184424,-5.459495101
1.29,-6.054854,-5.191391518
1.3,-6.09865,-4.908545325
1.31,-5.945374,-4.611759755
1.32,-5.819781,-4.301877624
1.33,-5.465189,-3.979778942
1.34,-5.054632,-3.64637841
1.35,-4.33809,-3.302622825
1.36,-3.375781,-2.949488391
1.37,-2.981415,-2.587977946
1.38,-3.373082,-2.219118113
1.39,-2.44023,-1.843956387
1.4,-2.255478,-1.463558159
1.41,-2.077246,-1.079003693
1.42,-1.71945,-0.691385051
1.43,-1.973562,-0.301803002
1.44,-1.486758,0.088636113
1.45,-0.93074,0.478823518
1.46,-0.657204,0.867651151
1.47,-0.513534,1.254014812
1.48,-0.219115,1.636817298
1.49,0.020452,2.014971521
1.5,0.712564,2.38740359
1.51,1.103834,2.753055867
1.52,1.525917,3.110889964
1.53,2.092864,3.459889699
1.54,2.683196,3.799063975
1.55,3.165342,4.127449599
1.56,3.582894,4.444114016
1.57,3.846005,4.748157955
1.58,4.025474,5.038717988
1.59,4.510937,5.314968976
1.6,4.779837,5.576126417
1.61,4.743609,5.821448672
1.62,5.247414,6.050239068
1.63,4.252582,6.261847885
1.64,4.290846,6.45567419
1.65,4.479903,6.631167552
1.66,6.587376,6.787829602
1.67,7.017803,6.925215448
1.68,7.175944,7.042934939
1.69,7.163164,7.140653774
1.7,7.411648,7.218094448
1.71,7.688571,7.275037045
1.72,7.619358,7.311319856
1.73,7.246977,7.326839847
1.74,7.080773,7.321552942
1.75,7.181279,7.295474156
1.76,7.116622,7.248677548
1.77,7.076439,7.181296011
1.78,6.865471,7.093520898
1.79,6.895699,6.985601472
1.8,6.625805,6.857844207
1.81,6.581433,6.710611909
1.82,6.405982,6.544322691
1.83,6.569189,6.359448785
1.84,6.876185,6.156515198
1.85,6.769751,5.936098226
1.86,6.879815,5.698823813
1.87,6.782693,5.445365774
1.88,6.242971,5.176443886
1.89,5.809285,4.892821836
1.9,5.472529,4.59530506
1.91,4.949772,4.284738453
1.92,4.532846,3.962003965
1.93,3.97258,3.628018106
1.94,3.524634,3.283729334
1.95,3.013675,2.930115367
1.96,3.249918,2.568180404
1.97,3.014594,2.198952275
1.98,2.568866,1.82347952
1.99,2.194501,1.442828415
2,1.037638,1.058079939
2.01,0.093009,0.670326708
2.02,-0.083492,0.280669871
2.03,-0.119306,-0.109784018
2.04,-0.372449,-0.49992614
2.05,-0.45099,-0.888648563
2.06,-0.264801,-1.274847384
2.07,-0.510504,-1.657425871
2.08,-0.744698,-2.035297569
2.09,-1.083911,-2.407389392
2.1,-1.294694,-2.772644666
2.11,-0.894547,-3.130026132
2.12,-0.94425,-3.478518892
2.13,-0.984825,-3.81713329
2.14,-1.191416,-4.144907722
2.15,-1.579384,-4.460911369
2.16,-2.039037,-4.764246837
2.17,-2.589315,-5.054052709
2.18,-3.079757,-5.329505989
2.19,-3.655487,-5.589824439
2.2,-3.910234,-5.834268803
2.21,-4.22099,-6.062144902
2.22,-4.55898,-6.27280561
2.23,-4.842546,-6.465652689
2.24,-4.9782,-6.640138488
2.25,-4.625826,-6.795767499
2.26,-4.459768,-6.932097764
2.27,-4.56448,-7.04874213
2.28,-5.129848,-7.145369347
2.29,-5.54729,-7.221705013
2.3,-6.038757,-7.277532348
2.31,-6.454914,-7.312692811
2.32,-5.915925,-7.327086555
2.33,-6.728167,-7.320672703
2.34,-6.657499,-7.293469469
2.35,-7.51775,-7.245554106
2.36,-8.385377,-7.177062684
2.37,-7.524646,-7.088189708
2.38,-7.977764,-6.979187559
2.39,-7.764819,-6.850365784
2.4,-8.033407,-6.702090215
2.41,-8.267196,-6.534781925
2.42,-8.363495,-6.348916041
2.43,-8.194192,-6.145020389
2.44,-8.151263,-5.923673993
2.45,-5.278988,-5.685505439
2.46,-5.21591,-5.431191082
2.47,-6.657198,-5.161453128
2.48,-6.628011,-4.877057584
2.49,-6.834908,-4.578812081
2.5,-6.598705,-4.267563584
2.51,-6.412849,-3.94419598
2.52,-6.279431,-3.609627576
2.53,-5.350912,-3.264808485
2.54,-5.229407,-2.910717931
2.55,-4.788117,-2.548361466
2.56,-4.306931,-2.178768117
2.57,-3.564579,-1.802987462
2.58,-3.095931,-1.42208665
2.59,-2.810872,-1.03714737
2.6,-2.210178,-0.64926278
2.61,-1.784015,-0.259534401
2.62,-1.280161,0.130931008
2.63,-1.370415,0.521024597
2.64,-0.710248,0.909638571
2.65,1.167661,1.295669336
2.66,1.973584,1.678020636
2.67,1.231204,2.055606661
2.68,3.098513,2.427355137
2.69,1.644054,2.792210365
2.7,2.003692,3.149136222
2.71,2.289544,3.497119104
2.72,2.481938,3.835170803
2.73,2.486446,4.162331312
2.74,2.337278,4.477671557
2.75,3.329389,4.780296027
2.76,3.685721,5.069345324
2.77,4.038676,5.3439986
2.78,4.351943,5.603475891
2.79,3.197941,5.847040327
2.8,5.260783,6.07400023
2.81,5.226737,6.283711075
2.82,5.440673,6.475577322
2.83,6.040028,6.649054104
2.84,4.22706,6.803648779
2.85,6.543648,6.938922327
2.86,6.672246,7.054490596
2.87,6.665212,7.150025391
2.88,6.691932,7.225255413
2.89,6.977419,7.27996702
2.9,7.126748,7.314004843
2.91,6.811814,7.32727222
2.92,6.785003,7.319731473
2.93,7.004992,7.291404018
2.94,7.424308,7.2423703
2.95,7.75853,7.172769564
2.96,7.970341,7.082799465
2.97,8.084395,6.972715501
2.98,8.138091,6.842830291
2.99,8.144387,6.693512684
3,7.699349,6.525186717
3.01,8.030412,6.338330404
3.02,8.159367,6.133474384
3.03,8.16841,5.911200409
3.04,8.191454,5.672139699
3.05,6.194167,5.416971141
3.06,7.796992,5.146419369
3.07,7.810235,4.8612527
3.08,8.029127,4.562280955
3.09,8.014021,4.250353161
3.1,7.378145,3.926355136
3.11,7.347707,3.591206974
3.12,6.932151,3.245860437
3.13,4.929784,2.891296245
3.14,4.670736,2.528521297
3.15,5.926439,2.158565807
3.16,5.898321,1.782480383
3.17,5.417844,1.401333037
3.18,3.711666,1.01620616
3.19,5.386827,0.628193443
3.2,4.976441,0.238396769
3.21,4.398984,-0.152076908
3.22,3.949273,-0.542118714
3.23,3.736682,-0.930621001
3.24,3.694625,-1.316480493
3.25,3.520179,-1.69860142
3.26,3.352946,-2.075898627
3.27,2.704551,-2.447300659
3.28,1.949145,-2.811752802
3.29,1.171459,-3.168220077
3.3,0.335551,-3.515690181
3.31,-0.276985,-3.853176364
3.32,-0.868911,-4.179720226
3.33,-1.237927,-4.494394441
3.34,-1.552446,-4.796305391
3.35,-2.014887,-5.084595705
3.36,-2.620855,-5.35844669
3.37,-3.269597,-5.617080659
3.38,-3.639731,-5.859763139
3.39,-4.401217,-6.085804955
3.4,-5.107641,-6.29456419
3.41,-5.558687,-6.485448005
3.42,-5.73288,-6.657914325
3.43,-6.255184,-6.811473377
3.44,-6.35739,-6.945689082
3.45,-6.511188,-7.06018029
3.46,-6.801538,-7.154621867
3.47,-7.365398,-7.228745617
3.48,-7.359957,-7.282341042
3.49,-7.648045,-7.31525594
3.5,-7.901043,-7.32739684
3.51,-8.322443,-7.318729262
3.52,-7.965196,-7.289277822
3.53,-8.094367,-7.239126156
3.54,-8.006002,-7.168416686
3.55,-8.012708,-7.077350214
3.56,-8.145685,-6.966185352
3.57,-8.328917,-6.835237788
3.58,-8.231839,-6.684879389
3.59,-6.606906,-6.515537147
3.6,-6.587604,-6.327691962
3.61,-6.539608,-6.12187728
3.62,-6.4997,-5.898677578
3.63,-6.504969,-5.658726703
3.64,-6.426928,-5.402706071
3.65,-6.325832,-5.131342734
3.66,-6.070437,-4.845407316
3.67,-5.860825,-4.54571182
3.68,-5.540443,-4.233107328
3.69,-5.211817,-3.90848158
3.7,-4.870164,-3.572756453
3.71,-4.715235,-3.226885347
3.72,-4.625174,-2.871850472
3.73,-4.174646,-2.508660063
3.74,-4.108058,-2.138345515
3.75,-3.850779,-1.761958453
3.76,-2.907956,-1.38056775
3.77,-2.279175,-0.995256485
3.78,-2.571188,-0.607118872
3.79,-1.565675,-0.217257151
3.8,-2.031297,0.17322154
3.81,-1.903295,0.563208313
3.82,-1.264147,0.951595678
3.83,-0.954946,1.337280683
3.84,-0.014186,1.719168053
3.85,0.892392,2.096173299
3.86,1.489104,2.467225793
3.87,1.701115,2.831271813
3.88,2.071306,3.187277536
3.89,2.495777,3.534231969
3.9,2.543204,3.871149825
3.91,2.972572,4.197074318
3.92,3.387797,4.511079881
3.93,3.699976,4.812274797
3.94,4.315677,5.099803726
3.95,3.917254,5.372850138
3.96,5.433498,5.630638631
3.97,5.995964,5.872437132
3.98,6.137985,6.097558978
3.99,6.135955,6.305364864
4,6.214296,6.495264658
