time,theta_t
0.001,3.966039
0.002,3.872946
0.003,3.939869
0.004,4.049241
0.005,4.162343
0.006,4.170439
0.007,4.080757
0.008,4.055461
0.009,4.166141
0.01,4.36929
0.011,4.369158
0.012,4.429572
0.013,4.139479
0.014,3.706124
0.015,3.154366
0.016,2.63426
0.017,2.225704
0.018,1.915454
0.019,1.659185
0.02,1.451514
0.021,1.358802
0.022,1.407684
0.023,1.506453
0.024,1.78535
0.025,2.03892
0.026,2.250029
0.027,2.266008
0.028,2.114717
0.029,1.772863
0.03,1.34302
0.031,0.84862
0.032,0.341562
0.033,-0.073343
0.034,-0.363372
0.035,-0.519709
0.036,-0.56394
0.037,-0.427531
0.038,-0.457163
0.039,-0.378064
0.04,-0.294619
0.041,-0.259516
0.042,-0.183228
0.043,0.122841
0.044,0.237962
0.045,0.353871
0.046,0.478852
0.047,0.591331
0.048,0.680744
0.049,0.582627
0.05,0.27318
0.051,0.22181
0.052,0.162988
0.053,0.357805
0.054,0.459648
0.055,0.592563
0.056,0.582696
0.057,0.486094
0.058,0.297693
0.059,0.576051
0.06,0.731648
0.061,1.046437
0.062,1.430571
0.063,1.777442
0.064,1.97384
0.065,1.917517
0.066,1.746619
0.067,1.62985
0.068,1.522572
0.069,1.493915
0.07,1.454482
0.071,1.383364
0.072,1.225367
0.073,0.983392
0.074,0.796492
0.075,0.789182
0.076,0.897608
0.077,1.083509
0.078,1.290986
0.079,1.460505
0.08,1.535888
0.081,1.5692
0.082,1.484488
0.083,1.345659
0.084,1.282491
0.085,1.26752
0.086,1.199038
0.087,1.122121
0.088,1.045049
0.089,0.947012
0.09,0.799399
0.091,0.684511
0.092,0.587942
0.093,0.542691
0.094,0.516742
0.095,0.461296
0.096,0.450428
0.097,0.427867
0.098,0.415433
0.099,0.468256
0.1,0.624895
0.101,0.859422
0.102,1.184335
0.103,1.548844
0.104,1.913237
0.105,2.214286
0.106,2.413967
0.107,2.484984
0.108,2.450839
0.109,2.288565
0.11,1.986037
0.111,1.612354
0.112,1.055186
0.113,0.379853
0.114,0.045378
0.115,-0.27255
0.116,-0.440748
0.117,-0.446195
0.118,-0.357479
0.119,-0.227305
0.12,-0.102435
0.121,-0.075557
0.122,0.06052
0.123,0.182757
0.124,0.136526
0.125,0.05546
0.126,0.023214
0.127,-0.152807
0.128,-0.331768
0.129,-0.3477
0.13,-0.353893
0.131,-0.285492
0.132,-0.087807
0.133,0.210375
0.134,0.601564
0.135,1.092647
0.136,1.467822
0.137,1.789289
0.138,2.000291
0.139,2.175893
0.14,2.303338
0.141,2.59844
0.142,2.486472
0.143,2.199633
0.144,1.883875
0.145,1.577462
0.146,1.34772
0.147,1.196259
0.148,1.103372
0.149,1.086464
0.15,1.132825
0.151,1.193331
0.152,1.216181
0.153,1.328644
0.154,1.399239
0.155,1.464539
0.156,1.524637
0.157,1.710828
0.158,1.818185
0.159,1.850146
0.16,1.774239
0.161,1.548258
0.162,1.287362
0.163,1.005462
0.164,0.707235
0.165,0.434514
0.166,0.191985
0.167,-0.15185
0.168,-0.252483
0.169,-0.335012
0.17,-0.268994
0.171,0.112766
0.172,0.505147
0.173,0.941307
0.174,1.45587
0.175,1.807946
0.176,1.980808
0.177,2.009217
0.178,1.886561
0.179,1.655593
0.18,1.351586
0.181,1.129594
0.182,1.063942
0.183,1.12346
0.184,1.410217
0.185,1.542952
0.186,1.717752
0.187,1.845019
0.188,2.032706
0.189,2.224769
0.19,2.380062
0.191,2.378873
0.192,2.246755
0.193,1.924807
0.194,1.452596
0.195,0.999911
0.196,0.674577
0.197,0.534691
0.198,0.51506
0.199,0.875161
0.2,1.070216
0.201,1.252555
0.202,1.308853
0.203,1.462328
0.204,1.654634
0.205,1.923806
0.206,2.329813
0.207,2.61443
0.208,2.86043
0.209,3.01412
0.21,2.977952
0.211,2.910692
0.212,2.776341
0.213,2.686209
0.214,2.534552
0.215,2.405219
0.216,2.314894
0.217,2.261819
0.218,2.250373
0.219,2.207491
0.22,2.154434
0.221,2.134029
0.222,2.148484
0.223,2.224053
0.224,2.307056
0.225,2.347322
0.226,2.29899
0.227,2.127322
0.228,1.985759
0.229,1.877326
0.23,1.836911
0.231,2.09686
0.232,2.164425
0.233,2.207465
0.234,2.24619
0.235,2.318076
0.236,2.417357
0.237,2.530413
0.238,2.64142
0.239,2.717174
0.24,2.641781
0.241,2.549248
0.242,2.453214
0.243,2.337729
0.244,2.237871
0.245,2.139748
0.246,2.157733
0.247,2.155396
0.248,2.159747
0.249,2.16365
0.25,2.182578
0.251,2.328942
0.252,2.464157
0.253,2.584241
0.254,2.661525
0.255,2.869015
0.256,3.102461
0.257,3.376242
0.258,3.663717
0.259,3.954217
0.26,4.200476
0.261,4.37427
0.262,4.466376
0.263,4.422475
0.264,4.240895
0.265,3.932089
0.266,3.529033
0.267,2.982771
0.268,2.307796
0.269,1.785033
0.27,1.319599
0.271,0.865753
0.272,0.548529
0.273,0.035117
0.274,-0.037801
0.275,-0.039528
0.276,0.161499
0.277,0.457143
0.278,0.703202
0.279,0.922413
0.28,1.06822
0.281,1.107776
0.282,1.173038
0.283,1.169184
0.284,1.420872
0.285,1.693304
0.286,1.921645
0.287,2.212766
0.288,2.83035
0.289,3.555312
0.29,4.231943
0.291,4.763937
0.292,5.096758
0.293,5.260385
0.294,5.273906
0.295,5.175585
0.296,5.035271
0.297,4.834573
0.298,4.492557
0.299,4.007637
0.3,3.471142
0.301,2.992171
0.302,2.716481
0.303,2.5911
0.304,2.554295
0.305,2.575205
0.306,2.601727
0.307,2.557527
0.308,2.503414
0.309,2.4587
0.31,2.407508
0.311,2.35583
0.312,2.23693
0.313,2.137835
0.314,1.968365
0.315,1.985345
0.316,1.765351
0.317,1.746494
0.318,1.766896
0.319,1.727243
0.32,1.92345
0.321,1.894158
0.322,1.721532
0.323,1.412901
0.324,1.070694
0.325,0.716835
0.326,0.476619
0.327,0.376614
0.328,0.155
0.329,0.266983
0.33,0.297301
0.331,0.535074
0.332,1.024845
0.333,1.610895
0.334,2.103741
0.335,2.43886
0.336,2.568303
0.337,2.549687
0.338,2.430394
0.339,2.278786
0.34,2.259099
0.341,2.075607
0.342,1.824457
0.343,1.560661
0.344,1.400577
0.345,1.312044
0.346,1.288424
0.347,1.461929
0.348,1.712653
0.349,1.880855
0.35,1.943055
0.351,2.010664
0.352,2.080092
0.353,2.102307
0.354,2.159372
0.355,2.060878
0.356,1.946476
0.357,1.759838
0.358,1.379149
0.359,1.177923
0.36,0.972856
0.361,0.552673
0.362,0.090163
0.363,-0.423492
0.364,-0.795727
0.365,-1.098527
0.366,-1.329486
0.367,-1.525399
0.368,-1.780845
0.369,-2.084348
0.37,-2.342663
0.371,-2.491957
0.372,-2.629041
0.373,-2.651133
0.374,-2.507172
0.375,-2.310489
0.376,-2.080875
0.377,-1.812752
0.378,-1.655077
0.379,-1.38244
0.38,-1.126333
0.381,-0.790153
0.382,-0.246387
0.383,0.042005
0.384,0.276104
0.385,0.531173
0.386,0.83076
0.387,1.056437
0.388,1.424913
0.389,1.80239
0.39,2.18077
0.391,2.545065
0.392,2.957991
0.393,3.313078
0.394,3.571062
0.395,3.629543
0.396,3.342837
0.397,2.923546
0.398,2.452355
0.399,1.995295
0.4,1.683805
0.401,1.527078
0.402,1.433221
0.403,1.429304
0.404,1.522598
0.405,1.814339
0.406,2.171072
0.407,2.525794
0.408,2.783752
0.409,2.790607
0.41,2.714081
0.411,2.415369
0.412,2.093291
0.413,1.715132
0.414,1.173426
0.415,0.784194
0.416,0.437197
0.417,0.142093
0.418,-0.076101
0.419,-0.167878
0.42,-0.155056
0.421,-0.034992
0.422,0.09344
0.423,0.304806
0.424,0.430126
0.425,0.576181
0.426,0.648651
0.427,0.790077
0.428,0.985303
0.429,1.290709
0.43,1.56446
0.431,1.808193
0.432,2.023288
0.433,2.23386
0.434,2.405486
0.435,2.589847
0.436,2.70686
0.437,2.735169
0.438,2.717854
0.439,2.523233
0.44,2.520593
0.441,2.528767
0.442,2.465367
0.443,2.384823
0.444,2.240146
0.445,2.127212
0.446,2.183576
0.447,2.21947
0.448,2.256159
0.449,2.228255
0.45,2.307764
0.451,2.227901
0.452,2.04098
0.453,1.952917
0.454,1.803126
0.455,1.660807
0.456,1.468263
0.457,1.257842
0.458,1.109476
0.459,1.019789
0.46,1.05268
0.461,1.202091
0.462,1.434955
0.463,1.716054
0.464,1.859039
0.465,2.077243
0.466,2.200043
0.467,2.252265
0.468,2.257737
0.469,2.199116
0.47,1.913217
0.471,1.559927
0.472,1.110583
0.473,0.716023
0.474,0.508676
0.475,0.433633
0.476,0.475919
0.477,0.60589
0.478,0.848383
0.479,1.113637
0.48,1.444631
0.481,1.77926
0.482,2.091838
0.483,2.298156
0.484,2.383779
0.485,2.38965
0.486,2.378386
0.487,2.376575
0.488,2.125116
0.489,1.931891
0.49,1.706144
0.491,1.576017
0.492,1.504742
0.493,1.484221
0.494,1.407022
0.495,1.239195
0.496,1.092019
0.497,0.931882
0.498,0.794213
0.499,0.636082
0.5,0.747817
0.501,0.979427
0.502,1.261031
0.503,1.616724
0.504,1.909259
0.505,2.154773
0.506,2.447228
0.507,2.47862
0.508,2.440188
0.509,2.245445
0.51,1.97065
0.511,1.589773
0.512,1.238994
0.513,0.968718
0.514,0.767667
0.515,0.666848
0.516,0.571862
0.517,0.456862
0.518,0.510516
0.519,0.613499
0.52,0.763474
0.521,0.895477
0.522,0.899871
0.523,0.740993
0.524,0.562556
0.525,0.395195
0.526,0.306217
0.527,0.34051
0.528,0.382494
0.529,0.469414
0.53,0.495747
0.531,0.530816
0.532,0.593927
0.533,0.700683
0.534,0.834541
0.535,0.964303
0.536,1.036775
0.537,1.153281
0.538,1.275274
0.539,1.323065
0.54,1.337463
0.541,1.348721
0.542,1.336608
0.543,1.291284
0.544,1.162515
0.545,0.973287
0.546,0.731621
0.547,0.509214
0.548,0.320775
0.549,-0.059634
0.55,-0.341809
0.551,-0.512709
0.552,-0.4489
0.553,-0.195007
0.554,0.204711
0.555,0.645057
0.556,1.221151
0.557,1.785537
0.558,2.337383
0.559,2.765433
0.56,3.021323
0.561,3.074289
0.562,2.815562
0.563,2.338347
0.564,1.747882
0.565,1.139617
0.566,0.386732
0.567,-0.036857
0.568,-0.654372
0.569,-1.124645
0.57,-1.461539
0.571,-1.667103
0.572,-1.726369
0.573,-1.4945
0.574,-1.219324
0.575,-0.966943
0.576,-0.734335
0.577,-0.491517
0.578,-0.310174
0.579,-0.140363
0.58,-0.003028
0.581,0.035393
0.582,0.047064
0.583,-0.121758
0.584,-0.651761
0.585,-1.031427
0.586,-1.455924
0.587,-1.813457
0.588,-2.027013
0.589,-2.050854
0.59,-1.942568
0.591,-1.71099
0.592,-1.417333
0.593,-1.222374
0.594,-1.06108
0.595,-0.747561
0.596,-0.515645
0.597,-0.262293
0.598,-0.187983
0.599,-0.015422
0.6,0.084655
0.601,0.205533
0.602,0.289692
0.603,0.582353
0.604,0.723251
0.605,0.777758
0.606,0.784099
0.607,0.682106
0.608,0.407713
0.609,0.061249
0.61,-0.354154
0.611,-0.72746
0.612,-1.079166
0.613,-1.374056
0.614,-1.565366
0.615,-1.638897
0.616,-1.534913
0.617,-1.432247
0.618,-0.992951
0.619,-0.46715
0.62,0.012812
0.621,0.374316
0.622,0.693
0.623,0.952831
0.624,0.997771
0.625,1.184738
0.626,1.107756
0.627,0.816539
0.628,0.48822
0.629,0.111708
0.63,-0.125347
0.631,-0.236532
0.632,-0.272907
0.633,-0.20147
0.634,-0.136538
0.635,-0.23983
0.636,-0.163791
0.637,-0.079608
0.638,0.043025
0.639,0.020148
0.64,0.207685
0.641,0.288601
0.642,0.426987
0.643,0.59703
0.644,0.803191
0.645,0.9306
0.646,1.048932
0.647,1.015046
0.648,0.919508
0.649,0.675458
0.65,0.600035
0.651,0.179582
0.652,-0.326887
0.653,-0.91096
0.654,-1.554041
0.655,-2.077057
0.656,-2.383703
0.657,-2.466152
0.658,-2.369048
0.659,-2.167469
0.66,-1.921293
0.661,-1.69606
0.662,-1.54232
0.663,-1.456514
0.664,-1.349505
0.665,-1.30593
0.666,-1.277474
0.667,-1.246694
0.668,-1.187562
0.669,-1.099005
0.67,-0.992744
0.671,-0.893427
0.672,-0.733758
0.673,-0.517341
0.674,-0.452711
0.675,-0.193028
0.676,0.065228
0.677,0.166752
0.678,0.202988
0.679,0.231505
0.68,0.313261
0.681,0.440091
0.682,0.485946
0.683,0.42267
0.684,0.388342
0.685,0.328053
0.686,0.227636
0.687,0.153615
0.688,-0.065287
0.689,-0.486626
0.69,-0.804486
0.691,-1.036893
0.692,-1.201111
0.693,-1.32995
0.694,-1.487818
0.695,-1.585939
0.696,-1.399115
0.697,-1.331278
0.698,-1.172958
0.699,-0.959982
0.7,-0.758962
0.701,-0.63306
0.702,-0.527002
0.703,-0.330911
0.704,-0.076929
0.705,0.24708
0.706,0.564203
0.707,0.809249
0.708,0.964642
0.709,1.070715
0.71,1.115512
0.711,1.061622
0.712,0.986784
0.713,0.900691
0.714,0.771573
0.715,0.645729
0.716,0.547656
0.717,0.432088
0.718,0.32917
0.719,0.297247
0.72,0.440785
0.721,0.741915
0.722,1.071466
0.723,1.329162
0.724,1.462681
0.725,1.475624
0.726,1.42642
0.727,1.378143
0.728,1.033313
0.729,0.993979
0.73,0.847043
0.731,0.646812
0.732,0.505121
0.733,0.456963
0.734,0.686298
0.735,0.707144
0.736,0.758929
0.737,0.740373
0.738,0.754944
0.739,0.697479
0.74,0.586463
0.741,0.542119
0.742,0.518767
0.743,0.439064
0.744,0.299062
0.745,0.245241
0.746,0.248686
0.747,0.297219
0.748,0.354248
0.749,0.224521
0.75,-0.019706
0.751,-0.199288
0.752,-0.571064
0.753,-0.858095
0.754,-0.859272
0.755,-0.716766
0.756,-0.559932
0.757,-0.467897
0.758,-0.402977
0.759,-0.326722
0.76,-0.15678
0.761,-0.026665
0.762,0.141676
0.763,0.262207
0.764,0.148885
0.765,0.04768
0.766,-0.174184
0.767,-0.480972
0.768,-0.735557
0.769,-1.171913
0.77,-1.549594
0.771,-1.924393
0.772,-2.36126
0.773,-2.75323
0.774,-2.9793
0.775,-3.174956
0.776,-2.934197
0.777,-2.710849
0.778,-2.345578
0.779,-1.959329
0.78,-1.586178
0.781,-1.24938
0.782,-0.956931
0.783,-0.783645
0.784,-0.720569
0.785,-0.755848
0.786,-0.832175
0.787,-0.831438
0.788,-0.808391
0.789,-0.805606
0.79,-0.862007
0.791,-0.95635
0.792,-1.114903
0.793,-1.094122
0.794,-1.100836
0.795,-1.076535
0.796,-1.044903
0.797,-1.05166
0.798,-1.083506
0.799,-1.00203
0.8,-1.099015
0.801,-1.009039
0.802,-0.884589
0.803,-0.80522
0.804,-0.883334
0.805,-1.136279
0.806,-1.446454
0.807,-1.732821
0.808,-1.905231
0.809,-1.889399
0.81,-1.856868
0.811,-1.81123
0.812,-1.806797
0.813,-1.779725
0.814,-1.636323
0.815,-1.301316
0.816,-0.96004
0.817,-0.562238
0.818,-0.258214
0.819,0.08546
0.82,0.507805
0.821,0.929233
0.822,1.379212
0.823,1.800474
0.824,2.228694
0.825,2.643819
0.826,2.949239
0.827,3.170137
0.828,3.24739
0.829,3.153601
0.83,2.818762
0.831,2.311111
0.832,1.646638
0.833,1.078949
0.834,0.605936
0.835,0.258821
0.836,-0.039151
0.837,-0.486945
0.838,-0.711191
0.839,-0.8802
0.84,-0.904903
0.841,-0.844976
0.842,-0.570206
0.843,-0.302905
0.844,-0.06759
0.845,0.130503
0.846,0.360381
0.847,0.53486
0.848,0.646187
0.849,0.823899
0.85,0.998571
0.851,1.184613
0.852,1.247919
0.853,1.333108
0.854,1.265364
0.855,1.082104
0.856,0.848764
0.857,0.660368
0.858,0.433822
0.859,0.200776
0.86,-0.11875
0.861,-0.395459
0.862,-0.766202
0.863,-1.057668
0.864,-1.28595
0.865,-1.489966
0.866,-1.779585
0.867,-2.012063
0.868,-2.124682
0.869,-1.879881
0.87,-1.55168
0.871,-1.022966
0.872,-0.553483
0.873,-0.221298
0.874,-0.099848
0.875,0.039243
0.876,0.19202
0.877,0.057159
0.878,-0.133798
0.879,-0.379757
0.88,-0.77247
0.881,-1.130699
0.882,-1.491358
0.883,-1.684464
0.884,-1.645325
0.885,-1.478344
0.886,-1.164021
0.887,-0.797615
0.888,-0.33124
0.889,-0.095524
0.89,0.128585
0.891,0.310661
0.892,0.457439
0.893,0.559898
0.894,0.56359
0.895,0.369165
0.896,0.502407
0.897,0.475248
0.898,0.479893
0.899,0.44194
0.9,0.481722
0.901,0.497754
0.902,0.509754
0.903,0.511882
0.904,0.584156
0.905,0.716707
0.906,0.855725
0.907,1.013387
0.908,1.174346
0.909,1.274618
0.91,1.300826
0.911,1.28912
0.912,1.23461
0.913,1.172111
0.914,1.05141
0.915,0.863968
0.916,0.6615
0.917,0.43923
0.918,0.25767
0.919,0.16111
0.92,0.129765
0.921,0.167188
0.922,0.204113
0.923,0.315058
0.924,0.446787
0.925,0.677679
0.926,0.998345
0.927,1.273718
0.928,1.461854
0.929,1.578908
0.93,1.587321
0.931,1.533434
0.932,1.449349
0.933,1.168112
0.934,0.88197
0.935,0.532427
0.936,0.190823
0.937,-0.077956
0.938,-0.150189
0.939,-0.063248
0.94,0.241399
0.941,0.600263
0.942,1.039666
0.943,1.551742
0.944,1.89917
0.945,2.218278
0.946,2.10738
0.947,1.857285
0.948,1.548185
0.949,1.184284
0.95,0.847038
0.951,0.648721
0.952,0.614068
0.953,0.744617
0.954,0.768143
0.955,0.908241
0.956,1.043076
0.957,1.064055
0.958,0.938848
0.959,0.916414
0.96,0.885129
0.961,0.826274
0.962,0.795883
0.963,0.691686
0.964,0.614978
0.965,0.610219
0.966,0.562465
0.967,0.55971
0.968,0.612193
0.969,0.602376
0.97,0.612192
0.971,0.380341
0.972,0.094529
0.973,-0.200082
0.974,-0.468942
0.975,-0.668222
0.976,-0.820594
0.977,-0.971783
0.978,-1.024529
0.979,-1.117551
0.98,-1.192807
0.981,-1.17989
0.982,-1.06111
0.983,-0.8915
0.984,-0.740875
0.985,-0.70298
0.986,-0.808044
0.987,-1.104972
0.988,-1.221263
0.989,-1.256674
0.99,-1.182151
0.991,-0.837889
0.992,-0.790667
0.993,-0.696486
0.994,-0.58822
0.995,-0.336652
0.996,-0.009
0.997,0.330027
0.998,0.598572
0.999,0.782759
1,0.829067
1.001,0.828809
1.002,0.651418
1.003,0.488063
1.004,0.246331
1.005,-0.065278
1.006,-0.430932
1.007,-0.73955
1.008,-0.885393
1.009,-0.940205
1.01,-1.019027
1.011,-1.029001
1.012,-0.912514
1.013,-0.793083
1.014,-0.606326
1.015,-0.390679
1.016,-0.106022
1.017,0.153557
1.018,0.347083
1.019,0.586558
1.02,0.741628
1.021,0.8925
1.022,0.737066
1.023,0.787736
1.024,0.8689
1.025,1.064415
1.026,1.263115
1.027,1.573858
1.028,1.842912
1.029,2.036613
1.03,2.316397
1.031,2.564334
1.032,2.77018
1.033,2.732514
1.034,2.633606
1.035,2.401315
1.036,2.086142
1.037,1.669939
1.038,1.331881
1.039,1.228415
1.04,0.944307
1.041,0.715618
1.042,0.571263
1.043,0.495156
1.044,0.443934
1.045,0.350911
1.046,0.193978
1.047,-0.006842
1.048,-0.12238
1.049,-0.259502
1.05,-0.355485
1.051,-0.452259
1.052,-0.500751
1.053,-0.331091
1.054,-0.348539
1.055,0.093464
1.056,0.831241
1.057,1.48231
1.058,1.955443
1.059,2.264513
1.06,2.237498
1.061,2.242081
1.062,2.1197
1.063,1.838184
1.064,1.616022
1.065,1.159124
1.066,0.678753
1.067,0.25869
1.068,-0.173793
1.069,-0.575033
1.07,-0.87208
1.071,-1.081945
1.072,-1.355932
1.073,-1.642816
1.074,-1.901014
1.075,-2.122715
1.076,-2.211161
1.077,-2.252768
1.078,-2.191985
1.079,-2.042723
1.08,-1.865652
1.081,-1.561795
1.082,-1.098741
1.083,-0.514814
1.084,0.16094
1.085,0.840012
1.086,1.351212
1.087,1.665923
1.088,1.654064
1.089,1.42568
1.09,1.061073
1.091,0.631777
1.092,0.163094
1.093,-0.339103
1.094,-0.77801
1.095,-1.176448
1.096,-1.405286
1.097,-1.347522
1.098,-1.060841
1.099,-0.603361
1.1,-0.108595
1.101,0.141152
1.102,0.519047
1.103,0.759722
1.104,0.921497
1.105,1.010001
1.106,1.231839
1.107,1.051914
1.108,0.874081
1.109,0.615398
1.11,0.333035
1.111,0.082743
1.112,-0.120937
1.113,-0.074622
1.114,-0.104761
1.115,-0.119484
1.116,-0.135493
1.117,-0.233109
1.118,-0.255935
1.119,-0.065452
1.12,0.138214
1.121,0.273609
1.122,0.269325
1.123,0.041805
1.124,-0.340763
1.125,-0.743668
1.126,-1.062245
1.127,-1.159633
1.128,-1.443499
1.129,-1.603843
1.13,-1.719237
1.131,-1.697775
1.132,-1.547937
1.133,-1.322718
1.134,-1.013151
1.135,-0.621007
1.136,-0.179613
1.137,0.375527
1.138,0.921073
1.139,1.383636
1.14,1.76626
1.141,1.833218
1.142,2.298865
1.143,2.421927
1.144,2.401037
1.145,2.223489
1.146,1.877118
1.147,1.482175
1.148,1.135808
1.149,0.85113
1.15,0.58987
1.151,0.445503
1.152,0.387665
1.153,0.42638
1.154,0.539223
1.155,0.691487
1.156,0.820068
1.157,0.986729
1.158,1.08523
1.159,1.216201
1.16,1.224738
1.161,1.246377
1.162,1.108879
1.163,1.018681
1.164,0.863576
1.165,0.714883
1.166,0.541726
1.167,0.413377
1.168,0.30493
1.169,0.252545
1.17,0.180146
1.171,0.212452
1.172,0.289603
1.173,0.318566
1.174,0.354865
1.175,0.352803
1.176,0.401058
1.177,0.411429
1.178,0.380502
1.179,0.061027
1.18,-0.249714
1.181,-0.519168
1.182,-0.610345
1.183,-0.543637
1.184,-0.329002
1.185,-0.132924
1.186,-0.031008
1.187,0.048149
1.188,-0.030408
1.189,-0.083033
1.19,-0.183512
1.191,-0.124458
1.192,0.059503
1.193,0.201876
1.194,0.343746
1.195,0.549355
1.196,0.686681
1.197,0.846123
1.198,0.782566
1.199,0.99818
1.2,0.965512
1.201,0.726922
1.202,0.418103
1.203,0.108271
1.204,-0.177981
1.205,-0.494817
1.206,-0.742161
1.207,-0.88842
1.208,-0.945049
1.209,-0.921413
1.21,-0.847807
1.211,-0.822551
1.212,-0.906757
1.213,-1.161283
1.214,-1.406191
1.215,-1.475046
1.216,-1.348498
1.217,-1.190564
1.218,-1.110981
1.219,-1.069042
1.22,-1.009741
1.221,-0.864966
1.222,-0.688391
1.223,-0.409155
1.224,-0.129714
1.225,0.091605
1.226,0.173187
1.227,0.049197
1.228,-0.124406
1.229,-0.28264
1.23,-0.421981
1.231,-0.492006
1.232,-0.48804
1.233,-0.594798
1.234,-0.501769
1.235,-0.367898
1.236,0.065237
1.237,0.498373
1.238,1.002589
1.239,1.54393
1.24,1.956548
1.241,2.296033
1.242,2.52495
1.243,2.552215
1.244,2.303892
1.245,2.073247
1.246,1.77543
1.247,1.454149
1.248,1.083049
1.249,0.699148
1.25,0.339357
1.251,0.033195
1.252,0.074044
1.253,0.194473
1.254,0.212943
1.255,0.370266
1.256,0.580503
1.257,0.90949
1.258,1.206469
1.259,1.610159
1.26,2.08341
1.261,2.514508
1.262,2.802946
1.263,3.04064
1.264,3.158889
1.265,3.193447
1.266,3.191778
1.267,2.943943
1.268,2.740245
1.269,2.504981
1.27,2.220441
1.271,2.006685
1.272,1.822945
1.273,1.759483
1.274,1.684784
1.275,1.545794
1.276,1.317839
1.277,1.163204
1.278,1.077556
1.279,0.964468
1.28,0.766051
1.281,0.466685
1.282,-0.009604
1.283,-0.515912
1.284,-0.90307
1.285,-1.124623
1.286,-1.175867
1.287,-1.183472
1.288,-1.163811
1.289,-1.060107
1.29,-0.800268
1.291,-0.331728
1.292,0.311679
1.293,0.925536
1.294,1.428325
1.295,1.787292
1.296,2.129178
1.297,2.448735
1.298,2.788107
1.299,3.043494
1.3,3.187244
1.301,3.108117
1.302,2.872911
1.303,2.640634
1.304,2.536515
1.305,2.488331
1.306,2.34817
1.307,2.144015
1.308,1.874806
1.309,1.658565
1.31,1.53768
1.311,1.473548
1.312,1.393595
1.313,1.346182
1.314,1.250159
1.315,1.085233
1.316,0.878176
1.317,0.700449
1.318,0.426309
1.319,0.226685
1.32,0.028416
1.321,-0.083691
1.322,-0.026194
1.323,0.022118
1.324,0.371921
1.325,0.260792
1.326,0.383399
1.327,0.407319
1.328,0.303392
1.329,0.102329
1.33,0.061754
1.331,-0.454178
1.332,-0.530273
1.333,-0.443496
1.334,-0.381676
1.335,-0.163193
1.336,-0.093742
1.337,-0.086906
1.338,-0.101014
1.339,-0.116288
1.34,0.061225
1.341,0.057347
1.342,0.093191
1.343,0.082414
1.344,-0.005782
1.345,-0.080059
1.346,-0.038395
1.347,0.135153
1.348,0.393632
1.349,0.664578
1.35,0.814576
1.351,0.878163
1.352,0.645145
1.353,0.318466
1.354,-0.097679
1.355,-0.346962
1.356,-0.536614
1.357,-0.642547
1.358,-0.831639
1.359,-0.892149
1.36,-0.993179
1.361,-0.991315
1.362,-0.776727
1.363,-0.697049
1.364,-0.285578
1.365,0.074358
1.366,0.212689
1.367,0.384647
1.368,0.580492
1.369,0.773319
1.37,0.863889
1.371,0.785513
1.372,0.643028
1.373,0.389894
1.374,0.163886
1.375,0.167456
1.376,-0.038568
1.377,-0.157026
1.378,-0.253138
1.379,-0.191555
1.38,-0.066441
1.381,0.191369
1.382,0.493365
1.383,0.830904
1.384,1.139216
1.385,1.45415
1.386,1.62261
1.387,1.608751
1.388,1.676065
1.389,1.657749
1.39,1.701888
1.391,1.553003
1.392,1.348872
1.393,1.304811
1.394,1.212063
1.395,1.028999
1.396,0.888309
1.397,0.710353
1.398,0.628443
1.399,0.713906
1.4,0.742055
1.401,0.842908
1.402,0.884198
1.403,0.996334
1.404,1.131233
1.405,1.369133
1.406,1.602855
1.407,1.926696
1.408,2.281303
1.409,2.634319
1.41,3.00195
1.411,3.259279
1.412,3.572702
1.413,3.774568
1.414,3.876759
1.415,3.9076
1.416,3.786996
1.417,3.521064
1.418,3.083306
1.419,2.56164
1.42,2.00611
1.421,1.434072
1.422,1.137472
1.423,0.767351
1.424,0.415551
1.425,0.242317
1.426,0.133698
1.427,0.181764
1.428,0.340191
1.429,0.503678
1.43,0.674269
1.431,0.840615
1.432,0.913678
1.433,0.947642
1.434,1.104391
1.435,1.235578
1.436,1.377009
1.437,1.328233
1.438,1.230985
1.439,0.962894
1.44,0.934189
1.441,1.217239
1.442,1.354878
1.443,1.423923
1.444,1.429386
1.445,1.320629
1.446,1.087606
1.447,0.790061
1.448,0.463599
1.449,0.199849
1.45,0.025681
1.451,-0.077931
1.452,-0.199323
1.453,-0.367817
1.454,-0.576248
1.455,-0.743651
1.456,-0.772278
1.457,-0.625503
1.458,-0.469275
1.459,-0.338738
1.46,-0.340937
1.461,-0.396516
1.462,-0.361486
1.463,-0.173765
1.464,0.072392
1.465,0.288818
1.466,0.385058
1.467,0.498003
1.468,0.630074
1.469,0.757298
1.47,0.85763
1.471,0.914085
1.472,0.946182
1.473,0.892473
1.474,0.832946
1.475,0.869024
1.476,1.0911
1.477,1.313181
1.478,1.47811
1.479,1.553599
1.48,1.528606
1.481,1.520693
1.482,1.643716
1.483,1.78439
1.484,1.906446
1.485,2.001919
1.486,1.936477
1.487,1.754358
1.488,1.539208
1.489,1.336317
1.49,1.251428
1.491,1.173801
1.492,1.175092
1.493,1.247704
1.494,1.475543
1.495,1.73995
1.496,2.015277
1.497,2.361595
1.498,2.781742
1.499,3.308924
1.5,3.693366
1.501,4.234104
1.502,4.778862
1.503,4.878643
1.504,4.740127
1.505,4.450861
1.506,4.09926
1.507,3.662434
1.508,3.100981
1.509,2.431611
1.51,1.710882
1.511,0.957395
1.512,0.227868
1.513,-0.310766
1.514,-0.643857
1.515,-0.82919
1.516,-0.941112
1.517,-0.945136
1.518,-0.773054
1.519,-0.600299
1.52,-0.55564
1.521,-0.390363
1.522,0.088838
1.523,0.331286
1.524,0.598343
1.525,0.736425
1.526,0.867234
1.527,1.035847
1.528,1.186344
1.529,1.347226
1.53,1.582738
1.531,1.72569
1.532,1.748926
1.533,1.662865
1.534,1.554511
1.535,1.486554
1.536,1.453849
1.537,1.426475
1.538,1.387693
1.539,1.324437
1.54,1.225917
1.541,1.163401
1.542,1.179216
1.543,1.199247
1.544,1.257264
1.545,1.248164
1.546,1.165029
1.547,1.200601
1.548,1.112418
1.549,1.326168
1.55,1.616476
1.551,1.913842
1.552,2.110923
1.553,2.266146
1.554,2.335861
1.555,2.426261
1.556,2.546575
1.557,2.364564
1.558,2.165889
1.559,1.909534
1.56,1.689317
1.561,1.493895
1.562,1.29222
1.563,1.052713
1.564,0.86528
1.565,0.77586
1.566,0.79099
1.567,0.922133
1.568,1.044753
1.569,1.156824
1.57,1.223678
1.571,1.347043
1.572,1.407441
1.573,1.369718
1.574,1.311197
1.575,1.151485
1.576,0.948885
1.577,0.648677
1.578,0.356274
1.579,0.090806
1.58,-0.108424
1.581,-0.352185
1.582,-0.484294
1.583,-0.525972
1.584,-0.429524
1.585,-0.208251
1.586,0.060805
1.587,0.142839
1.588,0.194951
1.589,0.114353
1.59,-0.071841
1.591,-0.294897
1.592,-0.403283
1.593,-0.316187
1.594,-0.385357
1.595,-0.422039
1.596,-0.405379
1.597,-0.390465
1.598,-0.301087
1.599,-0.160845
1.6,0.050898
1.601,0.126667
1.602,0.099675
1.603,0.0131
1.604,-0.127843
1.605,-0.238835
1.606,-0.246734
1.607,-0.223798
1.608,-0.175189
1.609,-0.083414
1.61,0.107612
1.611,0.588234
1.612,1.127538
1.613,1.725976
1.614,2.291509
1.615,2.682984
1.616,2.961952
1.617,2.949974
1.618,2.904878
1.619,2.839304
1.62,2.684947
1.621,2.534276
1.622,2.02769
1.623,1.509598
1.624,1.011595
1.625,0.673989
1.626,0.430579
1.627,0.274526
1.628,0.244734
1.629,0.27728
1.63,0.344806
1.631,0.537692
1.632,0.797819
1.633,1.133691
1.634,1.44061
1.635,1.693262
1.636,1.935375
1.637,2.029193
1.638,2.244493
1.639,2.417675
1.64,2.524749
1.641,2.503846
1.642,2.349049
1.643,1.99976
1.644,1.825487
1.645,1.693812
1.646,1.551551
1.647,1.426259
1.648,1.293097
1.649,1.148542
1.65,1.000373
1.651,0.934235
1.652,0.773127
1.653,0.671078
1.654,0.737563
1.655,0.942285
1.656,1.261964
1.657,1.578384
1.658,1.771362
1.659,2.008951
1.66,2.2932
1.661,2.62726
1.662,3.03147
1.663,3.49299
1.664,3.782122
1.665,3.916576
1.666,3.938489
1.667,3.864779
1.668,3.779067
1.669,3.640491
1.67,3.522248
1.671,3.384022
1.672,3.203741
1.673,2.909936
1.674,2.451836
1.675,1.915689
1.676,1.410603
1.677,1.050723
1.678,0.826539
1.679,0.623648
1.68,0.52119
1.681,0.420772
1.682,0.446064
1.683,0.500852
1.684,0.758944
1.685,1.139581
1.686,1.487718
1.687,1.692029
1.688,1.774112
1.689,1.871153
1.69,1.981339
1.691,2.15492
1.692,2.428412
1.693,2.675078
1.694,2.844351
1.695,2.831431
1.696,2.558264
1.697,2.262842
1.698,1.893816
1.699,1.598243
1.7,1.459128
1.701,1.271902
1.702,1.037708
1.703,0.664745
1.704,0.233056
1.705,-0.095061
1.706,-0.27243
1.707,-0.248517
1.708,-0.005544
1.709,0.244187
1.71,0.474302
1.711,0.547492
1.712,0.670444
1.713,0.844972
1.714,1.113188
1.715,1.418392
1.716,1.596518
1.717,1.595723
1.718,1.453046
1.719,1.190404
1.72,0.99723
1.721,0.910336
1.722,0.96262
1.723,1.105996
1.724,1.173377
1.725,1.281424
1.726,1.302878
1.727,1.327482
1.728,1.399346
1.729,1.504811
1.73,1.586092
1.731,1.621647
1.732,1.598911
1.733,1.546718
1.734,1.505358
1.735,1.522018
1.736,1.625943
1.737,1.798676
1.738,1.920569
1.739,1.965105
1.74,1.990441
1.741,1.968725
1.742,1.95381
1.743,1.916477
1.744,1.830966
1.745,1.744139
1.746,1.658207
1.747,1.578502
1.748,1.493016
1.749,1.397861
1.75,1.366275
1.751,1.302112
1.752,1.241567
1.753,1.159917
1.754,1.072619
1.755,1.029089
1.756,0.904146
1.757,0.828808
1.758,0.759131
1.759,0.818614
1.76,0.910379
1.761,1.075422
1.762,1.338043
1.763,1.667728
1.764,1.987241
1.765,2.206485
1.766,2.387203
1.767,2.498977
1.768,2.530203
1.769,2.569105
1.77,2.628235
1.771,2.605942
1.772,2.336369
1.773,2.102435
1.774,1.846839
1.775,1.607668
1.776,1.34608
1.777,1.060759
1.778,0.691314
1.779,0.402933
1.78,0.236459
1.781,0.109475
1.782,0.189118
1.783,0.368649
1.784,0.674677
1.785,0.943933
1.786,1.116434
1.787,1.265768
1.788,1.210143
1.789,1.060812
1.79,0.822605
1.791,0.521521
1.792,0.186102
1.793,-0.278616
1.794,-0.600571
1.795,-0.99002
1.796,-1.19962
1.797,-1.234341
1.798,-1.083632
1.799,-0.791802
1.8,-0.279376
1.801,0.067206
1.802,0.337688
1.803,0.563155
1.804,0.81411
1.805,0.99575
1.806,1.245626
1.807,1.457732
1.808,1.608839
1.809,1.64131
1.81,1.466241
1.811,1.221059
1.812,0.977199
1.813,0.585472
1.814,0.310735
1.815,0.025429
1.816,-0.179665
1.817,-0.297551
1.818,-0.322113
1.819,-0.312414
1.82,-0.096361
1.821,0.099645
1.822,0.394313
1.823,0.726484
1.824,1.169192
1.825,1.633758
1.826,2.299851
1.827,2.593664
1.828,2.850425
1.829,2.901439
1.83,2.867444
1.831,2.762177
1.832,2.670034
1.833,2.50559
1.834,2.284006
1.835,1.936427
1.836,1.403469
1.837,0.797577
1.838,0.227098
1.839,-0.130004
1.84,-0.287384
1.841,-0.387637
1.842,-0.49034
1.843,-0.655736
1.844,-0.733181
1.845,-0.914967
1.846,-0.927481
1.847,-0.791075
1.848,-0.508179
1.849,-0.163383
1.85,0.180471
1.851,0.729224
1.852,1.289148
1.853,2.013417
1.854,2.891894
1.855,3.728724
1.856,4.473755
1.857,5.131834
1.858,5.684286
1.859,6.152189
1.86,6.483901
1.861,6.922035
1.862,7.233444
1.863,7.266013
1.864,7.102705
1.865,6.789509
1.866,6.336545
1.867,5.792976
1.868,5.180408
1.869,4.610258
1.87,4.070179
1.871,3.427404
1.872,2.737329
1.873,2.147612
1.874,1.682077
1.875,1.387765
1.876,1.277481
1.877,1.2307
1.878,1.247208
1.879,1.267299
1.88,1.452162
1.881,1.660498
1.882,1.961643
1.883,2.258218
1.884,2.558932
1.885,2.742171
1.886,2.928672
1.887,3.087466
1.888,3.246353
1.889,3.344983
1.89,3.379551
1.891,3.363906
1.892,3.353759
1.893,3.381897
1.894,3.439095
1.895,3.474104
1.896,3.403892
1.897,3.207141
1.898,2.914678
1.899,2.721784
1.9,2.512791
1.901,2.351444
1.902,2.205624
1.903,1.948588
1.904,1.746927
1.905,1.53191
1.906,1.41733
1.907,1.418386
1.908,1.514326
1.909,1.607362
1.91,1.665781
1.911,1.634001
1.912,1.374801
1.913,1.330265
1.914,1.409887
1.915,1.470406
1.916,1.676068
1.917,1.990645
1.918,2.22819
1.919,2.438705
1.92,2.702163
1.921,2.950322
1.922,3.066985
1.923,2.954907
1.924,2.735648
1.925,2.397925
1.926,2.100963
1.927,1.969263
1.928,1.787798
1.929,1.758482
1.93,1.765395
1.931,1.928726
1.932,1.947751
1.933,2.034823
1.934,2.189867
1.935,2.340249
1.936,2.375956
1.937,2.244432
1.938,1.951967
1.939,1.590708
1.94,1.293225
1.941,1.109889
1.942,1.075365
1.943,1.115051
1.944,1.110824
1.945,1.06645
1.946,1.005439
1.947,0.969748
1.948,0.98261
1.949,0.896881
1.95,0.801844
1.951,0.669749
1.952,0.531005
1.953,0.469504
1.954,0.432844
1.955,0.452902
1.956,0.466372
1.957,0.493291
1.958,0.607216
1.959,0.619038
1.96,0.823458
1.961,0.934157
1.962,0.990188
1.963,1.033706
1.964,1.081536
1.965,0.965016
1.966,0.952918
1.967,0.87374
1.968,0.830832
1.969,0.991123
1.97,0.955175
1.971,0.973802
1.972,0.97952
1.973,1.011497
1.974,0.953476
1.975,0.899937
1.976,0.899043
1.977,1.003246
1.978,1.172479
1.979,1.336451
1.98,1.363635
1.981,1.23646
1.982,0.964355
1.983,0.661325
1.984,0.407426
1.985,0.202495
1.986,0.11153
1.987,0.01946
1.988,0.052688
1.989,0.222412
1.99,0.506426
1.991,0.894849
1.992,1.204604
1.993,1.54638
1.994,1.8769
1.995,2.065019
1.996,2.153296
1.997,2.156645
1.998,1.996969
1.999,1.69954
2,1.321594
2.001,0.92211
2.002,0.673169
2.003,0.50946
2.004,0.350347
2.005,0.215107
2.006,0.138502
2.007,0.307074
2.008,0.655908
2.009,1.152601
2.01,1.757806
2.011,2.358772
2.012,2.812301
2.013,3.261897
2.014,3.418745
2.015,3.641905
2.016,3.872664
2.017,4.022598
2.018,4.103334
2.019,4.189645
2.02,4.413793
2.021,4.385354
2.022,4.319989
2.023,4.202423
2.024,4.110073
2.025,4.03395
2.026,3.909222
2.027,3.64957
2.028,3.313099
2.029,3.002597
2.03,2.641302
2.031,2.421848
2.032,2.330617
2.033,2.311935
2.034,2.269686
2.035,1.892559
2.036,1.638119
2.037,1.406831
2.038,1.185969
2.039,0.957466
2.04,0.648203
2.041,0.26966
2.042,-0.041676
2.043,-0.114338
2.044,-0.263423
2.045,-0.23244
2.046,-0.096662
2.047,0.055102
2.048,0.190908
2.049,0.360992
2.05,0.613962
2.051,0.642847
2.052,0.838742
2.053,1.084248
2.054,1.06936
2.055,0.877841
2.056,0.532622
2.057,0.177497
2.058,-0.158752
2.059,-0.3669
2.06,-0.562048
2.061,-0.669259
2.062,-0.685034
2.063,-0.589084
2.064,-0.623677
2.065,-0.281023
2.066,-0.044831
2.067,0.148207
2.068,0.176863
2.069,0.143136
2.07,0.16714
2.071,0.239761
2.072,0.367065
2.073,0.582
2.074,0.859884
2.075,1.067281
2.076,1.203357
2.077,1.178273
2.078,1.419399
2.079,1.384589
2.08,1.30842
2.081,1.146868
2.082,0.8824
2.083,0.435252
2.084,-0.052839
2.085,-0.421162
2.086,-0.826727
2.087,-0.984762
2.088,-0.95892
2.089,-0.901536
2.09,-0.736476
2.091,-0.585835
2.092,-0.375953
2.093,-0.067322
2.094,0.341561
2.095,0.777301
2.096,1.226882
2.097,1.626848
2.098,2.059381
2.099,2.54317
2.1,2.746695
2.101,2.889636
2.102,3.006881
2.103,3.041672
2.104,2.980853
2.105,2.799377
2.106,2.488508
2.107,2.136733
2.108,1.710132
2.109,1.331864
2.11,1.015117
2.111,0.702814
2.112,0.501574
2.113,0.441614
2.114,0.249702
2.115,0.055745
2.116,-0.120153
2.117,-0.166723
2.118,-0.176638
2.119,-0.07807
2.12,0.122032
2.121,0.179238
2.122,0.094093
2.123,-0.179397
2.124,-0.452275
2.125,-0.524131
2.126,-0.788055
2.127,-0.909717
2.128,-1.031449
2.129,-1.182622
2.13,-1.240144
2.131,-1.271357
2.132,-1.146853
2.133,-0.923536
2.134,-0.671215
2.135,-0.55018
2.136,-0.496473
2.137,-0.688249
2.138,-0.798994
2.139,-0.727317
2.14,-0.518864
2.141,-0.243047
2.142,0.198376
2.143,0.635999
2.144,1.148093
2.145,1.468942
2.146,1.716892
2.147,2.117854
2.148,2.141116
2.149,1.89523
2.15,1.495109
2.151,1.011091
2.152,0.420347
2.153,-0.073842
2.154,-0.412409
2.155,-0.39009
2.156,-0.200731
2.157,0.070347
2.158,0.510206
2.159,1.017338
2.16,1.509527
2.161,1.939248
2.162,2.350448
2.163,2.692887
2.164,2.930233
2.165,3.010474
2.166,2.957677
2.167,2.799985
2.168,2.55297
2.169,2.242626
2.17,1.807589
2.171,1.45331
2.172,1.094996
2.173,0.865073
2.174,0.620763
2.175,0.687348
2.176,0.833129
2.177,1.189742
2.178,1.514172
2.179,1.864659
2.18,2.237169
2.181,2.570567
2.182,2.754678
2.183,2.841254
2.184,2.844768
2.185,2.732802
2.186,2.673904
2.187,2.632528
2.188,2.60885
2.189,2.552907
2.19,2.328776
2.191,2.077055
2.192,1.817059
2.193,1.4615
2.194,1.194841
2.195,0.972003
2.196,0.816895
2.197,0.289351
2.198,-0.050955
2.199,-0.373621
2.2,-0.538262
2.201,-0.728142
2.202,-0.827429
2.203,-1.178487
2.204,-0.690768
2.205,-0.662785
2.206,-0.462616
2.207,-0.495522
2.208,-0.855148
2.209,-0.930645
2.21,-1.011978
2.211,-1.041877
2.212,-0.961357
2.213,-1.000589
2.214,-0.932286
2.215,-0.867237
2.216,-0.685989
2.217,-0.355101
2.218,0.069172
2.219,0.464269
2.22,0.713517
2.221,0.889493
2.222,1.027452
2.223,1.154471
2.224,1.356038
2.225,1.722787
2.226,1.920937
2.227,1.991967
2.228,1.852812
2.229,1.935095
2.23,1.978983
2.231,1.996377
2.232,1.955442
2.233,1.843758
2.234,1.663256
2.235,1.503069
2.236,1.259507
2.237,0.940564
2.238,0.602753
2.239,0.192941
2.24,-0.217036
2.241,-0.534907
2.242,-0.688536
2.243,-0.851603
2.244,-0.86281
2.245,-0.822855
2.246,-0.740532
2.247,-0.644387
2.248,-0.523797
2.249,-0.351838
2.25,0.053884
2.251,0.217731
2.252,0.316254
2.253,0.324718
2.254,0.336481
2.255,0.338347
2.256,0.426589
2.257,0.670056
2.258,0.92636
2.259,1.180482
2.26,1.375197
2.261,1.459442
2.262,1.619587
2.263,1.652359
2.264,1.620393
2.265,1.495855
2.266,1.139138
2.267,0.872682
2.268,0.581424
2.269,0.295371
2.27,0.004281
2.271,-0.183329
2.272,-0.315292
2.273,-0.409038
2.274,-0.531069
2.275,-0.602637
2.276,-0.599951
2.277,-0.432879
2.278,-0.28106
2.279,-0.101057
2.28,0.061911
2.281,0.304967
2.282,0.597206
2.283,0.829913
2.284,1.003418
2.285,1.069583
2.286,1.034183
2.287,0.924837
2.288,0.715378
2.289,0.48246
2.29,0.271679
2.291,0.056861
2.292,-0.117775
2.293,-0.222488
2.294,-0.217212
2.295,-0.189364
2.296,-0.351429
2.297,-0.353524
2.298,-0.301722
2.299,-0.214467
2.3,-0.149819
2.301,-0.045239
2.302,-0.014241
2.303,-0.030478
2.304,-0.053063
2.305,-0.137383
2.306,-0.243897
2.307,-0.244118
2.308,-0.252894
2.309,-0.25742
2.31,-0.29121
2.311,-0.441702
2.312,-0.732067
2.313,-1.049525
2.314,-1.367215
2.315,-1.513852
2.316,-1.570447
2.317,-1.617049
2.318,-1.749104
2.319,-1.905551
2.32,-1.938935
2.321,-1.788131
2.322,-1.51016
2.323,-1.316524
2.324,-1.135264
2.325,-1.081243
2.326,-1.077123
2.327,-1.100803
2.328,-1.09804
2.329,-1.163374
2.33,-1.21822
2.331,-1.351592
2.332,-1.455605
2.333,-1.571688
2.334,-1.701297
2.335,-1.72316
2.336,-1.781254
2.337,-1.760079
2.338,-1.696242
2.339,-1.661814
2.34,-1.628594
2.341,-1.620968
2.342,-1.496586
2.343,-1.198013
2.344,-1.101451
2.345,-0.971963
2.346,-0.811459
2.347,-0.690204
2.348,-0.545795
2.349,-0.402677
2.35,-0.393869
2.351,-0.514859
2.352,-0.431379
2.353,-0.442023
2.354,-0.294204
2.355,-0.150487
2.356,0.140825
2.357,0.454302
2.358,0.498412
2.359,0.58244
2.36,0.667662
2.361,0.89308
2.362,0.874371
2.363,0.890974
2.364,1.076018
2.365,1.187011
2.366,1.197344
2.367,1.270729
2.368,1.360077
2.369,1.571512
2.37,1.753132
2.371,2.006341
2.372,2.06112
2.373,1.967205
2.374,1.72562
2.375,1.475757
2.376,1.288812
2.377,1.191254
2.378,1.12659
2.379,1.112434
2.38,1.000205
2.381,1.348746
2.382,1.554268
2.383,1.788102
2.384,2.015636
2.385,2.264337
2.386,2.447476
2.387,2.585973
2.388,2.736039
2.389,2.775937
2.39,3.049953
2.391,3.196125
2.392,3.256664
2.393,3.213845
2.394,2.891647
2.395,2.632416
2.396,2.262694
2.397,1.900108
2.398,1.616483
2.399,1.367272
2.4,1.10769
2.401,0.830922
2.402,0.691734
2.403,0.790463
2.404,1.06118
2.405,1.402507
2.406,1.728846
2.407,1.956343
2.408,1.904452
2.409,1.693305
2.41,1.357063
2.411,0.971655
2.412,0.496271
2.413,-0.069229
2.414,-0.615577
2.415,-1.123599
2.416,-1.466137
2.417,-1.771938
2.418,-1.745822
2.419,-1.301401
2.42,-0.86246
2.421,-0.311091
2.422,0.204669
2.423,0.56332
2.424,0.759046
2.425,0.820048
2.426,0.833995
2.427,0.830717
2.428,0.682137
2.429,0.37556
2.43,-0.028757
2.431,-0.514653
2.432,-0.951262
2.433,-1.210701
2.434,-1.306655
2.435,-1.241151
2.436,-1.171487
2.437,-1.18897
2.438,-1.075565
2.439,-0.78898
2.44,-0.433335
2.441,-0.031993
2.442,0.390963
2.443,0.817294
2.444,1.186172
2.445,1.54458
2.446,1.832528
2.447,2.095393
2.448,2.270233
2.449,2.401923
2.45,2.473664
2.451,2.556012
2.452,2.590484
2.453,2.556981
2.454,2.477956
2.455,2.429265
2.456,2.395549
2.457,2.298692
2.458,2.299635
2.459,2.311418
2.46,2.344509
2.461,2.510001
2.462,2.463658
2.463,2.343619
2.464,2.182652
2.465,1.939279
2.466,1.774397
2.467,1.581663
2.468,1.416401
2.469,1.157523
2.47,0.86477
2.471,0.624735
2.472,0.603085
2.473,0.723954
2.474,0.938562
2.475,1.115799
2.476,1.031792
2.477,0.942403
2.478,0.818823
2.479,0.766821
2.48,0.701798
2.481,0.665037
2.482,0.582044
2.483,0.525583
2.484,0.54787
2.485,0.560697
2.486,0.900949
2.487,1.298469
2.488,1.617684
2.489,1.824478
2.49,1.963715
2.491,2.06279
2.492,2.095944
2.493,2.002159
2.494,2.002014
2.495,1.649296
2.496,1.263406
2.497,0.941293
2.498,0.820897
2.499,0.779274
2.5,0.845246
2.501,0.956837
2.502,1.008315
2.503,1.031928
2.504,1.02863
2.505,1.158148
2.506,1.301196
2.507,1.502602
2.508,1.750404
2.509,1.987795
2.51,2.18479
2.511,2.365319
2.512,2.454418
2.513,2.510103
2.514,2.564955
2.515,2.607427
2.516,2.587796
2.517,2.531429
2.518,2.434015
2.519,2.300508
2.52,2.207469
2.521,2.133649
2.522,2.055363
2.523,1.922259
2.524,1.648854
2.525,1.387784
2.526,1.169179
2.527,0.970697
2.528,0.687206
2.529,0.404371
2.53,0.296686
2.531,0.330991
2.532,0.465949
2.533,0.681724
2.534,0.942876
2.535,1.243947
2.536,1.459064
2.537,1.739946
2.538,2.055002
2.539,2.343268
2.54,2.711271
2.541,2.872227
2.542,3.031128
2.543,3.119467
2.544,3.141645
2.545,3.117411
2.546,2.808119
2.547,2.74997
2.548,2.500484
2.549,2.161522
2.55,1.700019
2.551,1.202461
2.552,0.787729
2.553,0.482826
2.554,0.256957
2.555,0.197067
2.556,0.316662
2.557,0.556948
2.558,0.838001
2.559,1.238121
2.56,1.540943
2.561,1.722544
2.562,1.765186
2.563,1.789742
2.564,1.795863
2.565,1.597539
2.566,1.404818
2.567,1.145619
2.568,0.840159
2.569,0.458545
2.57,0.016908
2.571,-0.442704
2.572,-0.689103
2.573,-0.919385
2.574,-1.057413
2.575,-0.951027
2.576,-0.821668
2.577,-0.639672
2.578,-0.524751
2.579,-0.429703
2.58,-0.296702
2.581,-0.066671
2.582,0.193233
2.583,0.370524
2.584,0.388636
2.585,0.236367
2.586,0.00664
2.587,-0.276015
2.588,-0.595997
2.589,-0.866033
2.59,-0.998058
2.591,-1.128204
2.592,-1.143191
2.593,-0.922079
2.594,-0.669535
2.595,-0.387765
2.596,-0.127332
2.597,0.122756
2.598,0.271309
2.599,0.431014
2.6,0.525913
2.601,0.59687
2.602,0.649143
2.603,0.636459
2.604,0.590621
2.605,0.459364
2.606,0.291893
2.607,0.227132
2.608,0.214351
2.609,0.335245
2.61,0.641216
2.611,0.920247
2.612,1.13767
2.613,1.22466
2.614,1.195296
2.615,1.285587
2.616,1.40577
2.617,1.576811
2.618,1.699259
2.619,1.649969
2.62,1.594197
2.621,1.56594
2.622,1.566676
2.623,1.56157
2.624,1.556288
2.625,1.551028
2.626,1.335004
2.627,1.221571
2.628,1.144857
2.629,1.153592
2.63,1.042307
2.631,0.901068
2.632,0.869364
2.633,0.672895
2.634,0.4726
2.635,0.334737
2.636,0.218644
2.637,0.205592
2.638,0.305337
2.639,0.467455
2.64,0.684045
2.641,0.802959
2.642,0.919515
2.643,1.108499
2.644,1.155634
2.645,1.075452
2.646,1.096577
2.647,1.087218
2.648,0.984188
2.649,0.817531
2.65,0.680211
2.651,0.533804
2.652,0.467693
2.653,0.443344
2.654,0.658038
2.655,0.852347
2.656,1.056112
2.657,1.210447
2.658,1.25899
2.659,1.260247
2.66,1.196964
2.661,1.16877
2.662,1.137035
2.663,1.059881
2.664,0.989217
2.665,0.982509
2.666,1.098924
2.667,1.216682
2.668,1.307672
2.669,1.310149
2.67,1.201287
2.671,0.925618
2.672,0.574608
2.673,0.330806
2.674,0.105794
2.675,-0.081968
2.676,-0.308535
2.677,-0.594252
2.678,-0.766759
2.679,-0.748946
2.68,-0.557463
2.681,-0.262876
2.682,0.155387
2.683,0.554751
2.684,0.818554
2.685,0.920242
2.686,0.974715
2.687,1.053498
2.688,1.072915
2.689,1.086298
2.69,1.027997
2.691,1.000878
2.692,0.985087
2.693,0.957386
2.694,0.914859
2.695,0.857856
2.696,0.772463
2.697,0.643371
2.698,0.577958
2.699,0.587928
2.7,0.663146
2.701,0.735436
2.702,0.799815
2.703,0.873818
2.704,0.836692
2.705,0.840928
2.706,0.712679
2.707,0.51132
2.708,0.326551
2.709,0.134242
2.71,-0.176255
2.711,-0.319416
2.712,-0.283322
2.713,-0.108779
2.714,0.011133
2.715,0.153423
2.716,0.322156
2.717,0.602604
2.718,0.995785
2.719,1.243803
2.72,1.375848
2.721,1.40622
2.722,1.603769
2.723,1.588625
2.724,1.619656
2.725,1.479436
2.726,1.44646
2.727,1.392027
2.728,1.375786
2.729,1.39132
2.73,1.443162
2.731,1.543235
2.732,1.61288
2.733,1.644686
2.734,1.635702
2.735,1.649001
2.736,1.571561
2.737,1.422989
2.738,1.230397
2.739,1.053472
2.74,0.878813
2.741,0.670663
2.742,0.449825
2.743,-0.023999
2.744,-0.135932
2.745,-0.246539
2.746,-0.237979
2.747,-0.184457
2.748,-0.09787
2.749,-0.106249
2.75,-0.190533
2.751,-0.141293
2.752,-0.058608
2.753,0.076748
2.754,0.193164
2.755,0.178598
2.756,0.108418
2.757,-0.038285
2.758,-0.036855
2.759,0.119467
2.76,0.388987
2.761,0.697958
2.762,0.911744
2.763,1.1162
2.764,1.319092
2.765,1.50067
2.766,1.629291
2.767,1.809638
2.768,1.905937
2.769,1.520839
2.77,1.278356
2.771,1.030066
2.772,0.784859
2.773,0.574077
2.774,0.452681
2.775,0.434164
2.776,0.444766
2.777,0.454433
2.778,0.471428
2.779,0.497714
2.78,0.464469
2.781,0.354981
2.782,0.18394
2.783,0.096315
2.784,-0.304929
2.785,-0.648306
2.786,-0.916472
2.787,-1.143278
2.788,-1.30729
2.789,-1.49033
2.79,-1.507747
2.791,-1.42222
2.792,-1.285688
2.793,-1.0623
2.794,-0.790758
2.795,-0.436326
2.796,-0.094646
2.797,0.200608
2.798,0.403461
2.799,0.488942
2.8,0.462414
2.801,0.340668
2.802,0.319529
2.803,0.120105
2.804,-0.045758
2.805,-0.143301
2.806,-0.226176
2.807,-0.21757
2.808,-0.158993
2.809,-0.045064
2.81,-0.017222
2.811,0.270038
2.812,0.581986
2.813,0.849498
2.814,1.016411
2.815,1.043683
2.816,1.065459
2.817,1.069258
2.818,1.171914
2.819,1.302545
2.82,1.519212
2.821,1.739685
2.822,1.931021
2.823,2.130724
2.824,2.308594
2.825,2.443434
2.826,2.512956
2.827,2.569703
2.828,2.586197
2.829,2.453642
2.83,2.27104
2.831,1.955121
2.832,1.75178
2.833,1.620468
2.834,1.507088
2.835,1.392908
2.836,1.323212
2.837,1.294797
2.838,1.32954
2.839,1.464182
2.84,1.49097
2.841,1.763476
2.842,1.917973
2.843,1.961368
2.844,1.907227
2.845,1.877374
2.846,1.891899
2.847,2.010137
2.848,2.249329
2.849,2.319355
2.85,2.39905
2.851,2.483288
2.852,2.552073
2.853,2.627952
2.854,2.628681
2.855,2.613748
2.856,2.504974
2.857,2.330718
2.858,2.039948
2.859,1.599809
2.86,1.17164
2.861,0.687548
2.862,0.263354
2.863,-0.041536
2.864,-0.212083
2.865,-0.302525
2.866,-0.418584
2.867,-0.436847
2.868,-0.296264
2.869,-0.063163
2.87,0.19779
2.871,0.479996
2.872,0.657516
2.873,0.956133
2.874,1.08867
2.875,1.414284
2.876,1.683124
2.877,1.768261
2.878,1.681083
2.879,1.495559
2.88,1.218214
2.881,0.86419
2.882,0.452849
2.883,-0.064912
2.884,-0.490002
2.885,-0.785418
2.886,-0.654202
2.887,-0.774794
2.888,-0.790492
2.889,-0.711181
2.89,-0.590018
2.891,-0.113643
2.892,0.499207
2.893,1.234359
2.894,1.78772
2.895,2.153669
2.896,2.357052
2.897,2.412924
2.898,2.346196
2.899,2.233142
2.9,2.108558
2.901,1.877786
2.902,1.606737
2.903,1.454501
2.904,1.285879
2.905,1.152947
2.906,1.094001
2.907,1.269408
2.908,1.495907
2.909,1.749272
2.91,1.906758
2.911,2.051866
2.912,2.02765
2.913,1.888702
2.914,1.761182
2.915,1.840213
2.916,2.000499
2.917,2.211619
2.918,2.303574
2.919,2.269006
2.92,2.131706
2.921,1.944739
2.922,1.719163
2.923,1.475537
2.924,1.24757
2.925,0.977315
2.926,0.647015
2.927,0.317045
2.928,0.036077
2.929,-0.168722
2.93,-0.316051
2.931,-0.407092
2.932,-0.347476
2.933,-0.158155
2.934,0.122095
2.935,0.381295
2.936,0.74504
2.937,1.083276
2.938,1.384376
2.939,1.615228
2.94,1.675176
2.941,1.923852
2.942,2.11804
2.943,2.292289
2.944,2.357104
2.945,2.232569
2.946,2.116237
2.947,2.174604
2.948,2.041598
2.949,1.987088
2.95,2.036477
2.951,2.136422
2.952,2.220812
2.953,2.306276
2.954,2.402274
2.955,2.501476
2.956,2.62054
2.957,2.690967
2.958,2.802869
2.959,2.954248
2.96,3.120604
2.961,3.324986
2.962,3.563521
2.963,3.808148
2.964,3.955421
2.965,3.925404
2.966,3.773907
2.967,3.559544
2.968,3.347673
2.969,3.134491
2.97,2.876327
2.971,2.415204
2.972,1.827343
2.973,1.353671
2.974,1.124115
2.975,1.142078
2.976,1.152199
2.977,1.055584
2.978,0.783789
2.979,0.417399
2.98,0.112009
2.981,0.071823
2.982,0.2233
2.983,0.328876
2.984,0.550603
2.985,0.677754
2.986,0.658729
2.987,0.711391
2.988,0.79047
2.989,0.81377
2.99,0.89108
2.991,0.689072
2.992,0.359901
2.993,-0.043417
2.994,-0.576773
2.995,-1.113953
2.996,-1.529633
2.997,-1.765152
2.998,-1.798781
2.999,-1.646344
3,-1.414503
3.001,-1.057856
3.002,-0.712226
3.003,-0.44892
3.004,-0.205038
3.005,0.102105
3.006,0.342347
3.007,0.617244
3.008,0.793206
3.009,0.910493
3.01,0.956361
3.011,0.977811
3.012,0.993408
3.013,1.064848
3.014,1.175951
3.015,1.348126
3.016,1.480075
3.017,1.514778
3.018,1.439211
3.019,1.372815
3.02,1.360404
3.021,1.302132
3.022,1.213291
3.023,1.06631
3.024,0.874195
3.025,0.795776
3.026,0.766694
3.027,0.744145
3.028,0.745884
3.029,0.652628
3.03,0.454309
3.031,0.200655
3.032,-0.028363
3.033,-0.197992
3.034,-0.346963
3.035,-0.474381
3.036,-0.652572
3.037,-0.826532
3.038,-1.053589
3.039,-1.259533
3.04,-1.486939
3.041,-1.737715
3.042,-1.987952
3.043,-2.226363
3.044,-2.606249
3.045,-2.841268
3.046,-3.086101
3.047,-3.275563
3.048,-3.321399
3.049,-3.195008
3.05,-2.915841
3.051,-2.500394
3.052,-2.037231
3.053,-1.371348
3.054,-0.93767
3.055,-0.536322
3.056,-0.122233
3.057,0.217952
3.058,0.464982
3.059,0.514254
3.06,0.34137
3.061,0.049719
3.062,-0.274821
3.063,-0.466653
3.064,-0.823421
3.065,-0.978877
3.066,-1.081942
3.067,-1.333633
3.068,-1.271535
3.069,-1.030199
3.07,-0.644828
3.071,-0.186583
3.072,0.25537
3.073,0.628966
3.074,0.955826
3.075,1.212668
3.076,1.386061
3.077,1.494274
3.078,1.51614
3.079,1.447534
3.08,1.34979
3.081,1.112059
3.082,0.821325
3.083,0.477028
3.084,0.243692
3.085,-0.157229
3.086,-0.431888
3.087,-0.539851
3.088,-0.655263
3.089,-0.75523
3.09,-0.696465
3.091,-0.564109
3.092,-0.457396
3.093,-0.425224
3.094,-0.38127
3.095,-0.418285
3.096,-0.337614
3.097,-0.315853
3.098,-0.116574
3.099,0.053884
3.1,0.186401
3.101,0.310796
3.102,0.456155
3.103,0.569291
3.104,0.647922
3.105,0.686857
3.106,0.739666
3.107,0.657987
3.108,0.598392
3.109,0.610616
3.11,0.716336
3.111,0.764102
3.112,0.692522
3.113,0.667846
3.114,0.622903
3.115,0.649644
3.116,0.732929
3.117,0.837017
3.118,0.914106
3.119,0.997454
3.12,1.019618
3.121,1.002951
3.122,1.022967
3.123,1.03527
3.124,1.087139
3.125,1.173751
3.126,1.193861
3.127,1.267141
3.128,1.37433
3.129,1.425091
3.13,1.454528
3.131,1.448551
3.132,1.289853
3.133,1.391347
3.134,1.436174
3.135,1.379276
3.136,1.23089
3.137,1.073829
3.138,0.743317
3.139,0.545775
3.14,0.371504
3.141,0.178405
3.142,0.171728
3.143,0.227767
3.144,0.360197
3.145,0.512763
3.146,0.71362
3.147,1.022904
3.148,0.992153
3.149,0.959489
3.15,0.766224
3.151,0.531141
3.152,0.176398
3.153,-0.204731
3.154,-0.721085
3.155,-1.071095
3.156,-1.480972
3.157,-1.738548
3.158,-2.00676
3.159,-2.181309
3.16,-2.230688
3.161,-2.143617
3.162,-2.094197
3.163,-1.942805
3.164,-1.726753
3.165,-1.395849
3.166,-1.232211
3.167,-1.233427
3.168,-1.215348
3.169,-1.138422
3.17,-1.07495
3.171,-0.801843
3.172,-0.409953
3.173,-0.084983
3.174,0.115782
3.175,0.232645
3.176,0.341316
3.177,0.591981
3.178,0.840965
3.179,1.108817
3.18,1.290301
3.181,1.518853
3.182,1.558446
3.183,1.767419
3.184,2.065233
3.185,2.4613
3.186,2.89043
3.187,3.318515
3.188,3.709133
3.189,4.080758
3.19,4.252467
3.191,4.291286
3.192,4.273089
3.193,4.234974
3.194,4.23318
3.195,4.156643
3.196,3.665529
3.197,3.431616
3.198,3.241705
3.199,3.068176
3.2,2.846178
3.201,2.658144
3.202,2.373994
3.203,2.049098
3.204,1.813219
3.205,1.705869
3.206,1.62171
3.207,1.454028
3.208,1.289195
3.209,1.094444
3.21,0.950357
3.211,0.749484
3.212,0.84725
3.213,0.654321
3.214,0.493256
3.215,0.377691
3.216,0.221166
3.217,0.093265
3.218,0.003665
3.219,0.014824
3.22,-0.035555
3.221,-0.122004
3.222,-0.182557
3.223,-0.166183
3.224,-0.145577
3.225,-0.197018
3.226,-0.256987
3.227,-0.31112
3.228,-0.348093
3.229,-0.38711
3.23,-0.34728
3.231,-0.207112
3.232,-0.018512
3.233,0.145075
3.234,0.368
3.235,0.525632
3.236,0.715689
3.237,0.849642
3.238,1.006391
3.239,1.133441
3.24,1.275543
3.241,1.226406
3.242,1.31549
3.243,1.460881
3.244,1.597199
3.245,1.595644
3.246,1.527291
3.247,1.349749
3.248,1.114793
3.249,0.793644
3.25,0.507057
3.251,0.111792
3.252,-0.389009
3.253,-0.795951
3.254,-0.943448
3.255,-0.991379
3.256,-0.832082
3.257,-0.587762
3.258,-0.34
3.259,-0.111439
3.26,0.070094
3.261,0.215312
3.262,0.50413
3.263,0.740631
3.264,0.854078
3.265,0.541348
3.266,-0.032385
3.267,-0.592428
3.268,-0.923488
3.269,-0.915495
3.27,-0.479595
3.271,-0.200533
3.272,-0.171473
3.273,0.156617
3.274,0.677407
3.275,1.403275
3.276,2.204589
3.277,2.87005
3.278,3.272145
3.279,3.313863
3.28,3.071406
3.281,2.808211
3.282,2.543908
3.283,2.3408
3.284,2.123061
3.285,1.86136
3.286,1.500052
3.287,1.185084
3.288,1.039901
3.289,1.172451
3.29,1.416187
3.291,1.629804
3.292,1.805066
3.293,1.907682
3.294,1.901353
3.295,1.917999
3.296,1.90075
3.297,1.894325
3.298,1.864954
3.299,1.787004
3.3,1.712797
3.301,1.667699
3.302,1.721509
3.303,1.744581
3.304,1.729481
3.305,1.597459
3.306,1.455072
3.307,1.310788
3.308,1.17841
3.309,1.079646
3.31,1.036363
3.311,0.963506
3.312,0.869189
3.313,0.846821
3.314,0.936388
3.315,1.103515
3.316,1.28542
3.317,1.313276
3.318,1.163216
3.319,0.764219
3.32,0.318311
3.321,-0.235873
3.322,-1.036022
3.323,-1.747595
3.324,-2.406465
3.325,-3.065623
3.326,-3.469509
3.327,-3.890192
3.328,-4.049916
3.329,-3.866779
3.33,-3.296913
3.331,-2.713483
3.332,-2.089636
3.333,-1.460798
3.334,-0.845298
3.335,-0.223782
3.336,0.385197
3.337,0.854949
3.338,1.220007
3.339,1.335825
3.34,1.32226
3.341,1.167977
3.342,0.976832
3.343,0.746107
3.344,0.486912
3.345,0.211925
3.346,-0.035732
3.347,-0.153575
3.348,-0.071099
3.349,0.127093
3.35,0.453693
3.351,0.869029
3.352,1.27679
3.353,1.502524
3.354,1.736388
3.355,1.866091
3.356,1.901239
3.357,1.906348
3.358,1.74941
3.359,1.519831
3.36,1.159647
3.361,0.75822
3.362,0.298926
3.363,-0.097364
3.364,-0.441954
3.365,-0.680945
3.366,-0.82683
3.367,-0.913393
3.368,-0.946946
3.369,-1.073469
3.37,-1.347699
3.371,-1.320606
3.372,-1.245317
3.373,-1.285075
3.374,-1.353432
3.375,-1.441211
3.376,-1.196093
3.377,-1.113734
3.378,-0.901493
3.379,-0.720907
3.38,-0.610969
3.381,-0.561862
3.382,-0.556418
3.383,-0.588358
3.384,-0.454578
3.385,-0.286074
3.386,-0.160136
3.387,-0.337167
3.388,-0.388035
3.389,-0.419467
3.39,-0.305061
3.391,-0.110587
3.392,0.023539
3.393,0.181135
3.394,0.400629
3.395,0.603761
3.396,0.548718
3.397,0.568775
3.398,0.557584
3.399,0.635626
3.4,0.706071
3.401,0.806586
3.402,0.993489
3.403,1.157888
3.404,1.28296
3.405,1.354623
3.406,1.465745
3.407,1.593616
3.408,1.616214
3.409,1.539005
3.41,1.372982
3.411,1.256984
3.412,1.212951
3.413,1.182727
3.414,1.149228
3.415,1.154648
3.416,1.12364
3.417,1.004854
3.418,0.998688
3.419,1.002069
3.42,1.049129
3.421,1.02447
3.422,0.950655
3.423,0.911735
3.424,1.032997
3.425,1.148772
3.426,1.457187
3.427,1.683823
3.428,1.927033
3.429,2.106451
3.43,2.330564
3.431,2.570775
3.432,2.728696
3.433,2.708642
3.434,2.496509
3.435,2.207046
3.436,1.743726
3.437,1.233411
3.438,0.718991
3.439,0.158515
3.44,-0.366021
3.441,-0.872419
3.442,-1.186018
3.443,-1.288835
3.444,-1.186722
3.445,-0.965621
3.446,-0.704186
3.447,-0.452588
3.448,-0.141144
3.449,0.019035
3.45,0.349455
3.451,0.700402
3.452,1.060899
3.453,1.256065
3.454,1.54175
3.455,1.781043
3.456,1.968224
3.457,2.087374
3.458,2.135755
3.459,2.158902
3.46,2.158687
3.461,1.900648
3.462,1.565552
3.463,1.234737
3.464,0.949032
3.465,0.657517
3.466,0.421974
3.467,0.279602
3.468,0.261094
3.469,0.372046
3.47,0.609971
3.471,0.949198
3.472,1.33703
3.473,1.627335
3.474,1.768941
3.475,1.668471
3.476,1.429304
3.477,1.136751
3.478,0.791213
3.479,0.445557
3.48,0.222211
3.481,0.053212
3.482,-0.08809
3.483,-0.108984
3.484,-0.005913
3.485,0.288755
3.486,0.669179
3.487,1.133463
3.488,1.582883
3.489,1.736429
3.49,2.086648
3.491,2.407741
3.492,2.618631
3.493,2.700005
3.494,2.738736
3.495,2.706704
3.496,2.684781
3.497,2.661145
3.498,2.820938
3.499,2.71975
3.5,2.578163
3.501,2.409617
3.502,2.288247
3.503,2.196121
3.504,2.117632
3.505,2.02302
3.506,1.955573
3.507,1.985588
3.508,1.990185
3.509,1.92563
3.51,1.906326
3.511,1.83251
3.512,1.891583
3.513,1.919502
3.514,1.95722
3.515,2.07021
3.516,2.251279
3.517,2.449969
3.518,2.719366
3.519,3.01399
3.52,3.324019
3.521,3.461036
3.522,3.470725
3.523,3.316724
3.524,3.361057
3.525,3.37351
3.526,3.363182
3.527,3.347932
3.528,3.42932
3.529,3.250295
3.53,3.068836
3.531,2.808715
3.532,2.460828
3.533,2.108624
3.534,1.811318
3.535,1.585288
3.536,1.236928
3.537,0.869948
3.538,0.702369
3.539,0.691628
3.54,0.75127
3.541,0.935004
3.542,1.114203
3.543,1.253134
3.544,1.337614
3.545,1.43749
3.546,1.563245
3.547,1.723032
3.548,1.88003
3.549,2.049617
3.55,2.208549
3.551,2.293698
3.552,2.388473
3.553,2.563065
3.554,2.748741
3.555,2.872407
3.556,2.901816
3.557,2.759906
3.558,2.439991
3.559,2.042867
3.56,1.671282
3.561,1.278171
3.562,1.046489
3.563,0.802487
3.564,0.648935
3.565,0.326439
3.566,0.061209
3.567,-0.114486
3.568,-0.184729
3.569,-0.061022
3.57,0.183233
3.571,0.469031
3.572,0.723573
3.573,0.991298
3.574,1.38752
3.575,1.732455
3.576,2.145902
3.577,2.533249
3.578,2.782134
3.579,2.843748
3.58,2.818842
3.581,2.714903
3.582,2.582204
3.583,2.449401
3.584,2.353709
3.585,2.293244
3.586,2.246888
3.587,2.029088
3.588,1.770453
3.589,1.490233
3.59,1.158854
3.591,0.847846
3.592,0.560877
3.593,0.299416
3.594,0.086821
3.595,-0.09893
3.596,-0.256415
3.597,-0.312676
3.598,-0.276262
3.599,-0.183841
3.6,-0.072683
3.601,-0.003081
3.602,-0.157384
3.603,-0.128823
3.604,-0.066836
3.605,0.313615
3.606,0.521741
3.607,0.703303
3.608,0.848804
3.609,0.948154
3.61,0.947632
3.611,1.240906
3.612,1.739057
3.613,2.301424
3.614,2.718825
3.615,3.056667
3.616,3.302237
3.617,3.463349
3.618,3.580831
3.619,3.710213
3.62,3.675159
3.621,3.433757
3.622,2.928613
3.623,2.328241
3.624,1.696784
3.625,1.162422
3.626,0.830297
3.627,0.638421
3.628,0.539713
3.629,0.629346
3.63,0.548306
3.631,0.446228
3.632,0.336024
3.633,-0.121485
3.634,-0.478703
3.635,-0.795058
3.636,-1.324917
3.637,-1.862374
3.638,-2.355413
3.639,-2.421244
3.64,-2.660975
3.641,-2.671815
3.642,-2.720492
3.643,-2.284455
3.644,-1.922575
3.645,-1.34442
3.646,-0.873484
3.647,-0.452752
3.648,0.069802
3.649,0.304758
3.65,0.481571
3.651,0.561795
3.652,0.478846
3.653,0.611806
3.654,0.690684
3.655,0.751047
3.656,0.683027
3.657,0.553667
3.658,0.309831
3.659,0.202786
3.66,0.051892
3.661,-0.007737
3.662,-0.030187
3.663,-0.053102
3.664,-0.116415
3.665,-0.19341
3.666,-0.200022
3.667,-0.097058
3.668,0.094777
3.669,0.24636
3.67,0.306325
3.671,0.359745
3.672,0.483312
3.673,0.701105
3.674,0.917998
3.675,1.130758
3.676,1.187284
3.677,1.180904
3.678,1.092294
3.679,1.0048
3.68,0.841473
3.681,0.893443
3.682,0.72917
3.683,0.680996
3.684,0.438916
3.685,0.295461
3.686,0.251535
3.687,0.338846
3.688,0.561447
3.689,0.763854
3.69,0.863515
3.691,0.925547
3.692,1.098353
3.693,1.4302
3.694,1.824011
3.695,2.161817
3.696,2.357094
3.697,2.46444
3.698,2.606546
3.699,2.689624
3.7,2.830728
3.701,2.98534
3.702,3.031704
3.703,2.886647
3.704,2.603175
3.705,2.270156
3.706,2.193688
3.707,2.286928
3.708,2.401577
3.709,2.515852
3.71,2.53292
3.711,2.474588
3.712,2.420372
3.713,2.379793
3.714,2.26775
3.715,2.059093
3.716,1.751826
3.717,1.445944
3.718,1.222738
3.719,1.11684
3.72,0.978588
3.721,0.858597
3.722,0.725261
3.723,0.645746
3.724,0.679956
3.725,0.789534
3.726,0.935055
3.727,0.934956
3.728,0.792045
3.729,0.557244
3.73,0.360545
3.731,0.259948
3.732,0.182992
3.733,0.079966
3.734,0.012974
3.735,0.038942
3.736,0.083814
3.737,0.105998
3.738,0.103667
3.739,0.100127
3.74,0.050934
3.741,-0.033669
3.742,-0.085109
3.743,-0.041213
3.744,-0.147865
3.745,-0.323098
3.746,-0.548882
3.747,-0.667452
3.748,-0.585232
3.749,-0.375868
3.75,-0.119424
3.751,0.183141
3.752,0.362206
3.753,0.434653
3.754,0.467209
3.755,0.548995
3.756,0.734291
3.757,0.950936
3.758,1.221159
3.759,1.307167
3.76,1.362004
3.761,1.3491
3.762,1.297212
3.763,1.267102
3.764,1.258951
3.765,1.303033
3.766,1.153848
3.767,0.807035
3.768,0.561776
3.769,0.285802
3.77,0.025446
3.771,-0.178261
3.772,-0.140766
3.773,-0.200865
3.774,-0.332413
3.775,-0.459479
3.776,-0.563685
3.777,-0.630477
3.778,-0.654002
3.779,-0.648144
3.78,-0.62856
3.781,-0.617163
3.782,-0.622222
3.783,-0.599656
3.784,-0.549769
3.785,-0.510423
3.786,-0.519869
3.787,-0.703598
3.788,-0.836173
3.789,-0.877311
3.79,-0.835515
3.791,-0.855058
3.792,-0.918477
3.793,-0.937604
3.794,-0.904497
3.795,-0.869644
3.796,-0.797372
3.797,-0.672129
3.798,-0.481297
3.799,-0.249656
3.8,0.042961
3.801,0.327452
3.802,0.596204
3.803,0.734234
3.804,0.729787
3.805,0.715226
3.806,0.6867
3.807,0.654641
3.808,0.605371
3.809,0.493765
3.81,0.330443
3.811,0.126495
3.812,-0.236078
3.813,-0.552755
3.814,-0.770963
3.815,-0.916815
3.816,-1.050024
3.817,-1.066326
3.818,-1.120882
3.819,-1.136731
3.82,-1.112959
3.821,-1.023969
3.822,-0.846552
3.823,-0.590478
3.824,-0.320159
3.825,-0.040224
3.826,0.209167
3.827,0.429766
3.828,0.533363
3.829,0.53694
3.83,0.383874
3.831,0.197376
3.832,0.046057
3.833,-0.155673
3.834,-0.229358
3.835,-0.254965
3.836,-0.271614
3.837,-0.289915
3.838,-0.329745
3.839,-0.356686
3.84,-0.30024
3.841,-0.139254
3.842,-0.062396
3.843,0.004256
3.844,0.032634
3.845,0.11788
3.846,0.250611
3.847,0.542728
3.848,0.944381
3.849,1.363904
3.85,1.652986
3.851,1.700565
3.852,1.779072
3.853,1.623805
3.854,1.55492
3.855,1.464565
3.856,1.329805
3.857,1.245865
3.858,1.165589
3.859,1.164177
3.86,1.151408
3.861,1.228827
3.862,1.665944
3.863,1.817668
3.864,2.165614
3.865,2.540356
3.866,2.83935
3.867,2.98428
3.868,2.814545
3.869,2.667333
3.87,2.443124
3.871,2.019208
3.872,1.625963
3.873,1.201336
3.874,0.820972
3.875,0.483489
3.876,0.213589
3.877,0.080483
3.878,-0.018145
3.879,-0.034958
3.88,0.014459
3.881,0.178953
3.882,0.372082
3.883,0.725799
3.884,1.101925
3.885,1.635462
3.886,1.909914
3.887,2.03349
3.888,1.996429
3.889,1.918058
3.89,1.801014
3.891,1.636163
3.892,1.408162
3.893,1.00915
3.894,0.516675
3.895,0.182838
3.896,-0.106709
3.897,-0.307748
3.898,-0.405806
3.899,-0.391454
3.9,-0.280397
3.901,-0.156944
3.902,-0.077652
3.903,-0.046113
3.904,-0.095515
3.905,0.04817
3.906,0.037469
3.907,0.08873
3.908,0.180627
3.909,0.27379
3.91,0.378592
3.911,0.228281
3.912,0.21454
3.913,0.17967
3.914,0.2392
3.915,0.441376
3.916,0.488422
3.917,0.66517
3.918,0.916198
3.919,1.215969
3.92,1.650094
3.921,1.992415
3.922,2.424084
3.923,2.903411
3.924,3.240288
3.925,3.468757
3.926,3.578362
3.927,3.513057
3.928,3.270187
3.929,3.02789
3.93,2.919105
3.931,2.605636
3.932,2.372826
3.933,2.281032
3.934,2.254831
3.935,2.296489
3.936,2.395279
3.937,2.54751
3.938,2.694641
3.939,2.772985
3.94,2.948767
3.941,3.056836
3.942,3.085783
3.943,3.138569
3.944,3.074044
3.945,3.048984
3.946,3.125075
3.947,3.297167
3.948,3.578953
3.949,3.80543
3.95,3.87874
3.951,3.801511
3.952,3.56073
3.953,3.293366
3.954,2.97201
3.955,2.676161
3.956,2.392248
3.957,2.025741
3.958,1.635218
3.959,1.268389
3.96,0.951998
3.961,0.73209
3.962,0.607482
3.963,0.542982
3.964,0.515223
3.965,0.503551
3.966,0.49263
3.967,0.47984
3.968,0.560548
3.969,0.572383
3.97,0.453997
3.971,0.440604
3.972,0.389506
3.973,0.364861
3.974,0.367949
3.975,0.397127
3.976,0.302794
3.977,0.07498
3.978,-0.336034
3.979,-0.701354
3.98,-0.883463
3.981,-0.962631
3.982,-0.902414
3.983,-1.005943
3.984,-0.77508
3.985,-0.483212
3.986,-0.107143
3.987,0.278862
3.988,0.595739
3.989,0.859706
3.99,1.011764
3.991,1.134804
3.992,1.293262
3.993,1.526119
3.994,1.531806
3.995,1.52569
3.996,1.519
3.997,1.492618
3.998,1.440232
3.999,1.38137
4,1.219466
4.001,1.259673
4.002,1.418494
4.003,1.604682
4.004,1.65174
4.005,1.595997
4.006,1.50163
4.007,1.375949
4.008,1.287489
4.009,1.328408
4.01,1.25733
4.011,1.099376
4.012,0.892872
4.013,0.636499
4.014,0.411726
4.015,0.125698
4.016,-0.058583
4.017,-0.228282
4.018,-0.068826
4.019,0.035208
4.02,0.078359
4.021,0.155029
4.022,0.2054
4.023,0.181146
4.024,0.363406
4.025,0.627014
4.026,0.846328
4.027,0.990641
4.028,0.962965
4.029,0.9522
4.03,1.080287
4.031,0.829287
4.032,0.719129
4.033,0.594233
4.034,0.504738
4.035,0.370725
4.036,0.345067
4.037,0.310384
4.038,0.308896
4.039,0.41322
4.04,0.325742
4.041,0.342719
4.042,0.319782
4.043,0.176916
4.044,0.119656
4.045,0.127592
4.046,0.142872
4.047,0.137062
4.048,0.078009
4.049,-0.12329
4.05,-0.35135
4.051,-0.522909
4.052,-0.604095
4.053,-0.557965
4.054,-0.693267
4.055,-0.833313
4.056,-1.228689
4.057,-1.822441
4.058,-2.203791
4.059,-2.403906
4.06,-2.484543
4.061,-2.398168
4.062,-2.482285
4.063,-2.524725
4.064,-2.442201
4.065,-2.186231
4.066,-1.810813
4.067,-1.350338
4.068,-0.955621
4.069,-0.46538
4.07,-0.032455
4.071,0.337203
4.072,0.626498
4.073,0.793109
4.074,0.815226
4.075,0.770256
4.076,0.710292
4.077,0.667776
4.078,0.609737
4.079,0.598909
4.08,0.554783
4.081,0.456624
4.082,0.42941
4.083,0.452247
4.084,0.554021
4.085,0.726338
4.086,0.604479
4.087,0.738067
4.088,0.847074
4.089,0.896869
4.09,1.001792
4.091,1.186092
4.092,1.384148
4.093,1.565334
4.094,1.681859
4.095,1.73562
4.096,1.75214
4.097,1.830607
4.098,1.68995
4.099,1.484323
4.1,1.28886
4.101,1.065142
4.102,0.740444
4.103,0.564118
4.104,0.448497
4.105,0.450741
4.106,0.696654
4.107,0.738305
4.108,0.742502
4.109,0.774071
4.11,0.868396
4.111,0.96757
4.112,1.06904
4.113,1.193422
4.114,1.280755
4.115,1.297711
4.116,1.004602
4.117,0.880957
4.118,0.729477
4.119,0.467894
4.12,0.159048
4.121,-0.031512
4.122,-0.313593
4.123,-0.566777
4.124,-0.797756
4.125,-1.032981
4.126,-1.290539
4.127,-1.48277
4.128,-1.584551
4.129,-1.568907
4.13,-1.493858
4.131,-1.347778
4.132,-1.199808
4.133,-1.156604
4.134,-1.218096
4.135,-1.17997
4.136,-1.116897
4.137,-1.015749
4.138,-0.891986
4.139,-0.631384
4.14,-0.353549
4.141,-0.150738
4.142,-0.028728
4.143,0.091121
4.144,0.204254
4.145,0.308482
4.146,0.428407
4.147,0.496579
4.148,0.461081
4.149,0.305361
4.15,0.256178
4.151,0.047609
4.152,-0.006101
4.153,-0.012231
4.154,-0.000691
4.155,-0.049338
4.156,-0.185281
4.157,-0.301873
4.158,-0.439175
4.159,-0.504704
4.16,-0.486952
4.161,-0.584839
4.162,-0.560184
4.163,-0.480008
4.164,-0.368318
4.165,-0.250131
4.166,-0.138197
4.167,-0.032805
4.168,0.054295
4.169,0.148576
4.17,0.198247
4.171,0.147506
4.172,0.014483
4.173,0.004534
4.174,0.007256
4.175,0.145636
4.176,0.369724
4.177,0.654628
4.178,0.834758
4.179,0.927933
4.18,1.035647
4.181,1.221216
4.182,1.373201
4.183,1.467953
4.184,1.355332
4.185,1.088894
4.186,0.77017
4.187,0.453406
4.188,0.191268
4.189,-0.000996
4.19,-0.379557
4.191,-0.580419
4.192,-1.012273
4.193,-1.533421
4.194,-2.202849
4.195,-2.698206
4.196,-3.056067
4.197,-3.326453
4.198,-3.433704
4.199,-3.421622
4.2,-3.359031
4.201,-3.228327
4.202,-2.801516
4.203,-2.717096
4.204,-2.496509
4.205,-2.357052
4.206,-2.111247
4.207,-1.938151
4.208,-1.781778
4.209,-1.750917
4.21,-1.569513
4.211,-1.136409
4.212,-0.8224
4.213,-0.465421
4.214,-0.175651
4.215,0.048272
4.216,0.124536
4.217,0.207968
4.218,0.287749
4.219,0.322144
4.22,0.251869
4.221,0.155383
4.222,0.149939
4.223,0.257735
4.224,0.441205
4.225,0.755931
4.226,1.094919
4.227,1.448775
4.228,1.683729
4.229,1.885202
4.23,2.092411
4.231,2.340614
4.232,2.617835
4.233,2.820121
4.234,2.964207
4.235,3.031633
4.236,3.084321
4.237,3.17491
4.238,3.084504
4.239,3.227395
4.24,3.378796
4.241,3.43046
4.242,3.33546
4.243,3.029939
4.244,2.573274
4.245,2.183311
4.246,1.820642
4.247,1.485734
4.248,1.195976
4.249,0.8609
4.25,0.504229
4.251,0.15618
4.252,-0.133863
4.253,-0.212791
4.254,-0.067414
4.255,0.061615
4.256,0.141539
4.257,0.163788
4.258,0.168401
4.259,0.22015
4.26,0.325909
4.261,0.460888
4.262,0.735642
4.263,0.863168
4.264,1.281996
4.265,1.372597
4.266,1.522502
4.267,1.668596
4.268,1.58417
4.269,1.775815
4.27,1.965185
4.271,2.135125
4.272,2.449948
4.273,2.629723
4.274,2.784219
4.275,2.924102
4.276,3.038508
4.277,3.145357
4.278,3.305581
4.279,3.363844
4.28,3.400032
4.281,3.420138
4.282,3.405446
4.283,3.304398
4.284,2.913979
4.285,2.743149
4.286,2.665701
4.287,2.89686
4.288,3.017327
4.289,3.250068
4.29,3.384272
4.291,3.447068
4.292,3.45053
4.293,3.479566
4.294,3.533689
4.295,3.57113
4.296,3.488686
4.297,3.246298
4.298,2.76416
4.299,2.37819
4.3,1.992514
4.301,1.964887
4.302,1.890422
4.303,1.923109
4.304,2.066961
4.305,2.251829
4.306,2.415871
4.307,2.563847
4.308,2.734056
4.309,2.971738
4.31,3.199956
4.311,3.403038
4.312,3.530218
4.313,3.563973
4.314,3.37931
4.315,3.12294
4.316,2.899241
4.317,2.784454
4.318,2.693326
4.319,2.519488
4.32,2.235354
4.321,1.834122
4.322,1.38649
4.323,0.971121
4.324,0.590221
4.325,0.279656
4.326,-0.003057
4.327,-0.357594
4.328,-0.629476
4.329,-0.813863
4.33,-0.941977
4.331,-0.990905
4.332,-0.98705
4.333,-0.975301
4.334,-0.872093
4.335,-0.631541
4.336,-0.263163
4.337,0.200339
4.338,0.603945
4.339,1.023789
4.34,1.4096
4.341,1.764405
4.342,2.018919
4.343,2.193705
4.344,2.280871
4.345,2.252673
4.346,2.1754
4.347,2.009447
4.348,1.776248
4.349,1.556059
4.35,1.294988
4.351,1.003777
4.352,0.685775
4.353,0.42297
4.354,0.216264
4.355,0.122233
4.356,0.031277
4.357,0.147439
4.358,0.20558
4.359,0.217609
4.36,0.190221
4.361,0.119522
4.362,0.006948
4.363,-0.112138
4.364,-0.240602
4.365,-0.363642
4.366,-0.503169
4.367,-0.561262
4.368,-0.534341
4.369,-0.514783
4.37,-0.447927
4.371,-0.320641
4.372,-0.139494
4.373,0.037534
4.374,0.171205
4.375,0.218731
4.376,0.242342
4.377,0.330874
4.378,0.435211
4.379,0.544286
4.38,0.59265
4.381,0.683448
4.382,0.824295
4.383,1.066843
4.384,1.475502
4.385,1.788312
4.386,1.994353
4.387,1.897061
4.388,1.683581
4.389,1.486423
4.39,1.418805
4.391,1.301376
4.392,1.166457
4.393,0.948069
4.394,0.775322
4.395,0.656431
4.396,0.582399
4.397,0.400352
4.398,0.395692
4.399,0.334538
4.4,0.272759
4.401,0.180731
4.402,0.131937
4.403,0.251259
4.404,0.217026
4.405,0.239504
4.406,0.315584
4.407,0.458917
4.408,0.642017
4.409,0.891764
4.41,1.195162
4.411,1.418241
4.412,1.481138
4.413,1.401735
4.414,1.201932
4.415,0.926008
4.416,0.632278
4.417,0.336121
4.418,0.124372
4.419,-0.159985
4.42,-0.42069
4.421,-0.614565
4.422,-0.725416
4.423,-0.785691
4.424,-0.811787
4.425,-0.79092
4.426,-0.723545
4.427,-0.699749
4.428,-0.760081
4.429,-0.866473
4.43,-1.013186
4.431,-1.272277
4.432,-1.602824
4.433,-1.971583
4.434,-2.270693
4.435,-2.47039
4.436,-2.636764
4.437,-2.678165
4.438,-2.735667
4.439,-2.783264
4.44,-2.826617
4.441,-2.926746
4.442,-2.947906
4.443,-2.881851
4.444,-2.828646
4.445,-2.752198
4.446,-2.749553
4.447,-2.800421
4.448,-2.844972
4.449,-2.771775
4.45,-2.553129
4.451,-2.312048
4.452,-2.022707
4.453,-1.758204
4.454,-1.601761
4.455,-1.464353
4.456,-1.307091
4.457,-1.094191
4.458,-0.796226
4.459,-0.437987
4.46,-0.206283
4.461,-0.014005
4.462,0.08036
4.463,0.113948
4.464,0.138371
4.465,0.149626
4.466,0.176716
4.467,0.197072
4.468,0.111279
4.469,-0.068785
4.47,-0.154587
4.471,-0.229051
4.472,-0.235081
4.473,-0.201466
4.474,-0.143
4.475,0.045967
4.476,0.148787
4.477,0.225132
4.478,0.236853
4.479,0.27463
4.48,0.055638
4.481,-0.178661
4.482,-0.446167
4.483,-0.670997
4.484,-0.767151
4.485,-0.950049
4.486,-0.916806
4.487,-0.932665
4.488,-0.797779
4.489,-0.665326
4.49,-0.379396
4.491,-0.001089
4.492,0.416398
4.493,0.713675
4.494,0.869896
4.495,0.825185
4.496,0.876914
4.497,0.913189
4.498,0.94543
4.499,0.836458
4.5,0.666954
4.501,0.453878
4.502,0.382909
4.503,0.303126
4.504,0.203438
4.505,0.223872
4.506,0.192377
4.507,0.203856
4.508,0.297425
4.509,0.354785
4.51,0.475554
4.511,0.525417
4.512,0.499175
4.513,0.11451
4.514,-0.040557
4.515,-0.227429
4.516,-0.51123
4.517,-0.751617
4.518,-0.75303
4.519,-0.70489
4.52,-0.546377
4.521,-0.174545
4.522,0.047378
4.523,0.23187
4.524,0.386558
4.525,0.49354
4.526,0.540156
4.527,0.635502
4.528,0.617983
4.529,0.490976
4.53,0.385747
4.531,0.325027
4.532,0.176178
4.533,0.087321
4.534,0.108946
4.535,0.245445
4.536,0.534504
4.537,0.896276
4.538,1.245207
4.539,1.538662
4.54,1.783764
4.541,1.912204
4.542,2.01254
4.543,2.134005
4.544,2.226419
4.545,2.156189
4.546,1.950895
4.547,1.616608
4.548,1.17478
4.549,0.73125
4.55,0.291785
4.551,-0.036789
4.552,-0.209561
4.553,-0.267211
4.554,-0.139601
4.555,0.141639
4.556,0.56448
4.557,1.028593
4.558,1.539902
4.559,2.011256
4.56,2.409589
4.561,2.590066
4.562,2.577275
4.563,2.353135
4.564,2.050987
4.565,1.633134
4.566,1.170798
4.567,0.763292
4.568,0.339113
4.569,0.043396
4.57,-0.268591
4.571,-0.496913
4.572,-0.704877
4.573,-0.839328
4.574,-0.776918
4.575,-0.755528
4.576,-0.693971
4.577,-0.364408
4.578,-0.099513
4.579,0.125546
4.58,0.315255
4.581,0.514025
4.582,0.720297
4.583,0.900231
4.584,0.998542
4.585,1.107552
4.586,0.899393
4.587,0.695129
4.588,0.460811
4.589,0.228207
4.59,0.11102
4.591,0.037525
4.592,-0.251934
4.593,-0.422147
4.594,-0.586382
4.595,-0.666589
4.596,-0.701455
4.597,-0.634027
4.598,-0.445197
4.599,-0.196482
4.6,0.048654
4.601,0.220375
4.602,0.317563
4.603,0.536101
4.604,0.876059
4.605,1.285947
4.606,1.669021
4.607,2.05932
4.608,2.381672
4.609,2.63403
4.61,2.914704
4.611,3.34533
4.612,3.877064
4.613,4.366614
4.614,4.686737
4.615,4.794195
4.616,4.812023
4.617,4.594702
4.618,4.151725
4.619,3.863149
4.62,3.629064
4.621,3.376412
4.622,3.24392
4.623,2.869854
4.624,2.424815
4.625,2.197186
4.626,2.142585
4.627,2.198552
4.628,2.384439
4.629,2.479123
4.63,2.500424
4.631,2.484863
4.632,2.466185
4.633,2.426725
4.634,2.369924
4.635,2.282431
4.636,2.158811
4.637,2.117299
4.638,2.004197
4.639,1.790301
4.64,1.517065
4.641,1.240046
4.642,0.960897
4.643,0.662503
4.644,0.474666
4.645,0.303213
4.646,0.121047
4.647,-0.076496
4.648,-0.274197
4.649,-0.533101
4.65,-0.523714
4.651,-0.364534
4.652,-0.103248
4.653,0.290905
4.654,0.514319
4.655,0.708825
4.656,0.891154
4.657,1.127319
4.658,1.361721
4.659,1.689879
4.66,1.985331
4.661,2.105008
4.662,2.125968
4.663,2.032374
4.664,1.978479
4.665,2.025536
4.666,2.063009
4.667,2.158883
4.668,2.302433
4.669,2.456478
4.67,2.632346
4.671,2.723026
4.672,2.845043
4.673,2.680792
4.674,2.76411
4.675,2.958142
4.676,3.170162
4.677,3.397768
4.678,3.513237
4.679,3.594376
4.68,3.687195
4.681,3.770746
4.682,3.683382
4.683,3.621118
4.684,3.544795
4.685,3.50274
4.686,3.341413
4.687,3.044867
4.688,2.705337
4.689,2.8426
4.69,2.635167
4.691,2.28509
4.692,2.167223
4.693,2.044448
4.694,1.885396
4.695,1.781503
4.696,1.64447
4.697,1.196642
4.698,0.831029
4.699,0.482172
4.7,0.383794
4.701,0.302426
4.702,0.325906
4.703,0.370268
4.704,0.382767
4.705,0.463
4.706,0.550041
4.707,0.683542
4.708,0.882807
4.709,1.041826
4.71,1.155173
4.711,1.162073
4.712,1.029625
4.713,0.800675
4.714,0.499222
4.715,0.184829
4.716,-0.059171
4.717,-0.265497
4.718,-0.73004
4.719,-1.060154
4.72,-1.360773
4.721,-1.53761
4.722,-1.69519
4.723,-1.693024
4.724,-1.589974
4.725,-1.429253
4.726,-1.298758
4.727,-1.202155
4.728,-1.119325
4.729,-0.924674
4.73,-0.66497
4.731,-0.285317
4.732,-0.030885
4.733,0.162297
4.734,0.276832
4.735,0.390673
4.736,0.419525
4.737,0.419645
4.738,0.407801
4.739,0.438694
4.74,0.400095
4.741,0.396542
4.742,0.463935
4.743,0.537633
4.744,0.588852
4.745,0.6362
4.746,0.637533
4.747,0.652654
4.748,0.682036
4.749,0.719433
4.75,0.732839
4.751,0.744476
4.752,0.593224
4.753,0.478439
4.754,0.331899
4.755,0.403867
4.756,0.55149
4.757,0.728711
4.758,0.924916
4.759,1.079585
4.76,1.180026
4.761,1.395297
4.762,1.63897
4.763,1.821879
4.764,1.906908
4.765,1.852592
4.766,1.780447
4.767,1.640653
4.768,1.370512
4.769,1.098014
4.77,0.862219
4.771,0.446669
4.772,0.074914
4.773,-0.251539
4.774,-0.484403
4.775,-0.537073
4.776,-0.660308
4.777,-0.59983
4.778,-0.549827
4.779,-0.495509
4.78,-0.526412
4.781,-0.331831
4.782,-0.019461
4.783,0.083163
4.784,0.030757
4.785,-0.122399
4.786,-0.286554
4.787,-0.443229
4.788,-0.471865
4.789,-0.564066
4.79,-0.628128
4.791,-0.679251
4.792,-0.696398
4.793,-0.701725
4.794,-0.554946
4.795,-0.384307
4.796,-0.17462
4.797,0.08395
4.798,0.373405
4.799,0.600113
4.8,0.759317
4.801,0.898204
4.802,1.069142
4.803,1.162062
4.804,1.136564
4.805,0.846341
4.806,0.421828
4.807,0.00814
4.808,-0.435651
4.809,-0.826148
4.81,-1.125709
4.811,-1.376159
4.812,-1.662755
4.813,-1.918996
4.814,-2.097512
4.815,-2.139422
4.816,-2.059926
4.817,-1.837906
4.818,-1.633592
4.819,-1.393623
4.82,-1.171283
4.821,-0.895983
4.822,-0.573745
4.823,-0.205909
4.824,-0.009669
4.825,0.342928
4.826,0.420035
4.827,0.428559
4.828,0.382408
4.829,0.366044
4.83,0.240837
4.831,0.018594
4.832,-0.280214
4.833,-0.377533
4.834,-0.708949
4.835,-0.988659
4.836,-1.229804
4.837,-1.389398
4.838,-1.479922
4.839,-1.753094
4.84,-1.937674
4.841,-2.113906
4.842,-2.222548
4.843,-2.278691
4.844,-2.308626
4.845,-2.273731
4.846,-2.267756
4.847,-2.283106
4.848,-2.279325
4.849,-2.077466
4.85,-1.701315
4.851,-1.197262
4.852,-0.746873
4.853,-0.423673
4.854,-0.338604
4.855,-0.117599
4.856,0.390727
4.857,0.594771
4.858,0.793519
4.859,0.885437
4.86,0.900215
4.861,0.833316
4.862,0.756562
4.863,0.799667
4.864,0.87773
4.865,0.970947
4.866,1.050229
4.867,1.070371
4.868,1.058973
4.869,1.020652
4.87,0.913296
4.871,0.729759
4.872,0.524229
4.873,0.299024
4.874,0.070111
4.875,-0.086654
4.876,-0.153909
4.877,-0.122077
4.878,-0.063098
4.879,0.0891
4.88,0.266559
4.881,0.501507
4.882,0.732205
4.883,0.934481
4.884,1.123381
4.885,1.289047
4.886,1.449192
4.887,1.579978
4.888,1.694663
4.889,1.755331
4.89,1.78622
4.891,1.830853
4.892,1.957652
4.893,1.933314
4.894,2.088759
4.895,2.172314
4.896,2.165316
4.897,2.098207
4.898,2.016252
4.899,2.007096
4.9,2.041271
4.901,2.102147
4.902,2.117121
4.903,2.012425
4.904,1.932858
4.905,1.79294
4.906,1.67307
4.907,1.540917
4.908,1.450966
4.909,1.279135
4.91,1.118938
4.911,1.014368
4.912,0.989379
4.913,0.998906
4.914,0.96576
4.915,0.903502
4.916,0.86318
4.917,0.83259
4.918,0.784463
4.919,0.763356
4.92,0.763486
4.921,0.80508
4.922,0.825978
4.923,0.826094
4.924,0.825884
4.925,0.851838
4.926,0.7419
4.927,0.907534
4.928,0.977784
4.929,1.106774
4.93,1.26473
4.931,1.359714
4.932,1.514253
4.933,1.670972
4.934,1.840024
4.935,2.056556
4.936,2.214268
4.937,2.397671
4.938,2.461141
4.939,2.327523
4.94,2.114327
4.941,1.91582
4.942,1.819413
4.943,1.766651
4.944,1.818968
4.945,1.921487
4.946,1.937967
4.947,1.951178
4.948,1.958842
4.949,1.816114
4.95,1.826993
4.951,1.674761
4.952,1.469984
4.953,1.089575
4.954,0.748783
4.955,0.52124
4.956,0.357937
4.957,0.284293
4.958,0.242607
4.959,0.206203
4.96,0.205893
4.961,0.518597
4.962,0.735201
4.963,0.839539
4.964,0.963432
4.965,1.096702
4.966,1.18447
4.967,1.309905
4.968,1.554102
4.969,1.932543
4.97,2.242199
4.971,2.548007
4.972,2.735466
4.973,2.869155
4.974,2.890478
4.975,2.774878
4.976,2.390897
4.977,2.059996
4.978,1.726279
4.979,1.502313
4.98,1.461266
4.981,1.529048
4.982,1.692782
4.983,1.963617
4.984,2.29587
4.985,2.49694
4.986,2.578499
4.987,2.56051
4.988,2.421607
4.989,2.265061
4.99,1.932846
4.991,1.492899
4.992,1.087182
4.993,0.634259
4.994,0.235246
4.995,0.004941
4.996,-0.159981
4.997,-0.227823
4.998,0.060673
4.999,0.277804
5,0.569375
